aggregation_level,cell,objective,training_seed,channel_repeats_averaged,sample_scope,attack_power_per_use_db,pga_empirical_robust_accuracy_lower_bound,pga_empirical_robust_accuracy_upper_bound,lower_bound_sd_across_training_seeds,upper_bound_sd_across_training_seeds
training_seed,R0,reconstruction,2026,3,all,-40.0,0.082,0.082,,
training_seed,R0,reconstruction,2026,3,all,-39.0,0.05833333333333333,0.05833333333333333,,
training_seed,R0,reconstruction,2026,3,all,-38.0,0.05833333333333333,0.05833333333333333,,
training_seed,R0,reconstruction,2026,3,all,-37.0,0.047999999999999994,0.047999999999999994,,
training_seed,R0,reconstruction,2026,3,all,-36.0,0.041,0.041,,
training_seed,R0,reconstruction,2026,3,all,-35.0,0.026333333333333334,0.026333333333333334,,
training_seed,R0,reconstruction,2026,3,all,-34.0,0.026333333333333334,0.026333333333333334,,
training_seed,R0,reconstruction,2026,3,all,-33.0,0.017,0.017,,
training_seed,R0,reconstruction,2026,3,all,-32.0,0.012666666666666666,0.012666666666666666,,
training_seed,R0,reconstruction,2026,3,all,-31.0,0.008333333333333333,0.008333333333333333,,
training_seed,R0,reconstruction,2026,3,all,-30.0,0.006333333333333333,0.006333333333333333,,
training_seed,R0,reconstruction,2026,3,all,-29.0,0.004333333333333334,0.004333333333333334,,
training_seed,R0,reconstruction,2026,3,all,-28.0,0.0023333333333333335,0.0023333333333333335,,
training_seed,R0,reconstruction,2026,3,all,-27.0,0.0013333333333333333,0.0013333333333333333,,
training_seed,R0,reconstruction,2026,3,all,-26.0,0.0006666666666666666,0.0006666666666666666,,
training_seed,R0,reconstruction,2026,3,all,-25.0,0.0003333333333333333,0.0003333333333333333,,
training_seed,R0,reconstruction,2026,3,all,-24.0,0.0003333333333333333,0.0003333333333333333,,
training_seed,R0,reconstruction,2026,3,all,-23.0,0.0003333333333333333,0.0003333333333333333,,
training_seed,R0,reconstruction,2026,3,all,-22.0,0.0,0.0,,
training_seed,R0,reconstruction,2026,3,all,-21.0,0.0,0.0,,
training_seed,R0,reconstruction,2026,3,all,-20.0,0.0,0.0,,
training_seed,R0,reconstruction,2026,3,all,-19.0,0.0,0.0,,
training_seed,R0,reconstruction,2026,3,all,-18.0,0.0,0.0,,
training_seed,R0,reconstruction,2026,3,all,-17.0,0.0,0.0,,
training_seed,R0,reconstruction,2026,3,all,-16.0,0.0,0.0,,
training_seed,R0,reconstruction,2026,3,all,-15.0,0.0,0.0,,
training_seed,R0,reconstruction,2026,3,all,-14.0,0.0,0.0,,
training_seed,R0,reconstruction,2026,3,all,-13.0,0.0,0.0,,
training_seed,R0,reconstruction,2026,3,all,-12.0,0.0,0.0,,
training_seed,R0,reconstruction,2026,3,all,-11.0,0.0,0.0,,
training_seed,R0,reconstruction,2026,3,all,-10.0,0.0,0.0,,
training_seed,R0,reconstruction,2026,3,all,-9.0,0.0,0.0,,
training_seed,R0,reconstruction,2026,3,all,-8.0,0.0,0.0,,
training_seed,R0,reconstruction,2026,3,all,-7.0,0.0,0.0,,
training_seed,R0,reconstruction,2026,3,all,-6.0,0.0,0.0,,
training_seed,R0,reconstruction,2026,3,all,-5.0,0.0,0.0,,
training_seed,R0,reconstruction,2026,3,all,-4.0,0.0,0.0,,
training_seed,R0,reconstruction,2026,3,all,-3.0,0.0,0.0,,
training_seed,R0,reconstruction,2026,3,all,-2.0,0.0,0.0,,
training_seed,R0,reconstruction,2026,3,all,-1.0,0.0,0.0,,
training_seed,R0,reconstruction,2026,3,all,0.0,0.0,0.0,,
training_seed,R0,reconstruction,2026,3,pairwise_common_clean_correct,-40.0,0.4964425274644253,0.4964425274644253,,
training_seed,R0,reconstruction,2026,3,pairwise_common_clean_correct,-39.0,0.34769197586497946,0.34769197586497946,,
training_seed,R0,reconstruction,2026,3,pairwise_common_clean_correct,-38.0,0.34769197586497946,0.34769197586497946,,
training_seed,R0,reconstruction,2026,3,pairwise_common_clean_correct,-37.0,0.28049450821539285,0.28049450821539285,,
training_seed,R0,reconstruction,2026,3,pairwise_common_clean_correct,-36.0,0.24794683956902064,0.24794683956902064,,
training_seed,R0,reconstruction,2026,3,pairwise_common_clean_correct,-35.0,0.15131762114004188,0.15131762114004188,,
training_seed,R0,reconstruction,2026,3,pairwise_common_clean_correct,-34.0,0.15131762114004188,0.15131762114004188,,
training_seed,R0,reconstruction,2026,3,pairwise_common_clean_correct,-33.0,0.09921306979810085,0.09921306979810085,,
training_seed,R0,reconstruction,2026,3,pairwise_common_clean_correct,-32.0,0.07191701303260296,0.07191701303260296,,
training_seed,R0,reconstruction,2026,3,pairwise_common_clean_correct,-31.0,0.04714620879235761,0.04714620879235761,,
training_seed,R0,reconstruction,2026,3,pairwise_common_clean_correct,-30.0,0.03722952369319076,0.03722952369319076,,
training_seed,R0,reconstruction,2026,3,pairwise_common_clean_correct,-29.0,0.024900657077364777,0.024900657077364777,,
training_seed,R0,reconstruction,2026,3,pairwise_common_clean_correct,-28.0,0.014929499813474105,0.014929499813474105,,
training_seed,R0,reconstruction,2026,3,pairwise_common_clean_correct,-27.0,0.009971157263890676,0.009971157263890676,,
training_seed,R0,reconstruction,2026,3,pairwise_common_clean_correct,-26.0,0.005012814714307252,0.005012814714307252,,
training_seed,R0,reconstruction,2026,3,pairwise_common_clean_correct,-25.0,0.0025252525252525255,0.0025252525252525255,,
training_seed,R0,reconstruction,2026,3,pairwise_common_clean_correct,-24.0,0.0025252525252525255,0.0025252525252525255,,
training_seed,R0,reconstruction,2026,3,pairwise_common_clean_correct,-23.0,0.0025252525252525255,0.0025252525252525255,,
training_seed,R0,reconstruction,2026,3,pairwise_common_clean_correct,-22.0,0.0,0.0,,
training_seed,R0,reconstruction,2026,3,pairwise_common_clean_correct,-21.0,0.0,0.0,,
training_seed,R0,reconstruction,2026,3,pairwise_common_clean_correct,-20.0,0.0,0.0,,
training_seed,R0,reconstruction,2026,3,pairwise_common_clean_correct,-19.0,0.0,0.0,,
training_seed,R0,reconstruction,2026,3,pairwise_common_clean_correct,-18.0,0.0,0.0,,
training_seed,R0,reconstruction,2026,3,pairwise_common_clean_correct,-17.0,0.0,0.0,,
training_seed,R0,reconstruction,2026,3,pairwise_common_clean_correct,-16.0,0.0,0.0,,
training_seed,R0,reconstruction,2026,3,pairwise_common_clean_correct,-15.0,0.0,0.0,,
training_seed,R0,reconstruction,2026,3,pairwise_common_clean_correct,-14.0,0.0,0.0,,
training_seed,R0,reconstruction,2026,3,pairwise_common_clean_correct,-13.0,0.0,0.0,,
training_seed,R0,reconstruction,2026,3,pairwise_common_clean_correct,-12.0,0.0,0.0,,
training_seed,R0,reconstruction,2026,3,pairwise_common_clean_correct,-11.0,0.0,0.0,,
training_seed,R0,reconstruction,2026,3,pairwise_common_clean_correct,-10.0,0.0,0.0,,
training_seed,R0,reconstruction,2026,3,pairwise_common_clean_correct,-9.0,0.0,0.0,,
training_seed,R0,reconstruction,2026,3,pairwise_common_clean_correct,-8.0,0.0,0.0,,
training_seed,R0,reconstruction,2026,3,pairwise_common_clean_correct,-7.0,0.0,0.0,,
training_seed,R0,reconstruction,2026,3,pairwise_common_clean_correct,-6.0,0.0,0.0,,
training_seed,R0,reconstruction,2026,3,pairwise_common_clean_correct,-5.0,0.0,0.0,,
training_seed,R0,reconstruction,2026,3,pairwise_common_clean_correct,-4.0,0.0,0.0,,
training_seed,R0,reconstruction,2026,3,pairwise_common_clean_correct,-3.0,0.0,0.0,,
training_seed,R0,reconstruction,2026,3,pairwise_common_clean_correct,-2.0,0.0,0.0,,
training_seed,R0,reconstruction,2026,3,pairwise_common_clean_correct,-1.0,0.0,0.0,,
training_seed,R0,reconstruction,2026,3,pairwise_common_clean_correct,0.0,0.0,0.0,,
training_seed,R0,reconstruction,2026,3,four_cell_common_clean_correct,-40.0,0.4689019009587054,0.4689019009587054,,
training_seed,R0,reconstruction,2026,3,four_cell_common_clean_correct,-39.0,0.31887049251432076,0.31887049251432076,,
training_seed,R0,reconstruction,2026,3,four_cell_common_clean_correct,-38.0,0.31887049251432076,0.31887049251432076,,
training_seed,R0,reconstruction,2026,3,four_cell_common_clean_correct,-37.0,0.24930826640343398,0.24930826640343398,,
training_seed,R0,reconstruction,2026,3,four_cell_common_clean_correct,-36.0,0.21119561478290783,0.21119561478290783,,
training_seed,R0,reconstruction,2026,3,four_cell_common_clean_correct,-35.0,0.14111739279998803,0.14111739279998803,,
training_seed,R0,reconstruction,2026,3,four_cell_common_clean_correct,-34.0,0.14111739279998803,0.14111739279998803,,
training_seed,R0,reconstruction,2026,3,four_cell_common_clean_correct,-33.0,0.10321786990921462,0.10321786990921462,,
training_seed,R0,reconstruction,2026,3,four_cell_common_clean_correct,-32.0,0.07542513572934895,0.07542513572934895,,
training_seed,R0,reconstruction,2026,3,four_cell_common_clean_correct,-31.0,0.03752561283857555,0.03752561283857555,,
training_seed,R0,reconstruction,2026,3,four_cell_common_clean_correct,-30.0,0.03269469496417942,0.03269469496417942,,
training_seed,R0,reconstruction,2026,3,four_cell_common_clean_correct,-29.0,0.023922765139618014,0.023922765139618014,,
training_seed,R0,reconstruction,2026,3,four_cell_common_clean_correct,-28.0,0.014634839443023587,0.014634839443023587,,
training_seed,R0,reconstruction,2026,3,four_cell_common_clean_correct,-27.0,0.00973287865870986,0.00973287865870986,,
training_seed,R0,reconstruction,2026,3,four_cell_common_clean_correct,-26.0,0.0,0.0,,
training_seed,R0,reconstruction,2026,3,four_cell_common_clean_correct,-25.0,0.0,0.0,,
training_seed,R0,reconstruction,2026,3,four_cell_common_clean_correct,-24.0,0.0,0.0,,
training_seed,R0,reconstruction,2026,3,four_cell_common_clean_correct,-23.0,0.0,0.0,,
training_seed,R0,reconstruction,2026,3,four_cell_common_clean_correct,-22.0,0.0,0.0,,
training_seed,R0,reconstruction,2026,3,four_cell_common_clean_correct,-21.0,0.0,0.0,,
training_seed,R0,reconstruction,2026,3,four_cell_common_clean_correct,-20.0,0.0,0.0,,
training_seed,R0,reconstruction,2026,3,four_cell_common_clean_correct,-19.0,0.0,0.0,,
training_seed,R0,reconstruction,2026,3,four_cell_common_clean_correct,-18.0,0.0,0.0,,
training_seed,R0,reconstruction,2026,3,four_cell_common_clean_correct,-17.0,0.0,0.0,,
training_seed,R0,reconstruction,2026,3,four_cell_common_clean_correct,-16.0,0.0,0.0,,
training_seed,R0,reconstruction,2026,3,four_cell_common_clean_correct,-15.0,0.0,0.0,,
training_seed,R0,reconstruction,2026,3,four_cell_common_clean_correct,-14.0,0.0,0.0,,
training_seed,R0,reconstruction,2026,3,four_cell_common_clean_correct,-13.0,0.0,0.0,,
training_seed,R0,reconstruction,2026,3,four_cell_common_clean_correct,-12.0,0.0,0.0,,
training_seed,R0,reconstruction,2026,3,four_cell_common_clean_correct,-11.0,0.0,0.0,,
training_seed,R0,reconstruction,2026,3,four_cell_common_clean_correct,-10.0,0.0,0.0,,
training_seed,R0,reconstruction,2026,3,four_cell_common_clean_correct,-9.0,0.0,0.0,,
training_seed,R0,reconstruction,2026,3,four_cell_common_clean_correct,-8.0,0.0,0.0,,
training_seed,R0,reconstruction,2026,3,four_cell_common_clean_correct,-7.0,0.0,0.0,,
training_seed,R0,reconstruction,2026,3,four_cell_common_clean_correct,-6.0,0.0,0.0,,
training_seed,R0,reconstruction,2026,3,four_cell_common_clean_correct,-5.0,0.0,0.0,,
training_seed,R0,reconstruction,2026,3,four_cell_common_clean_correct,-4.0,0.0,0.0,,
training_seed,R0,reconstruction,2026,3,four_cell_common_clean_correct,-3.0,0.0,0.0,,
training_seed,R0,reconstruction,2026,3,four_cell_common_clean_correct,-2.0,0.0,0.0,,
training_seed,R0,reconstruction,2026,3,four_cell_common_clean_correct,-1.0,0.0,0.0,,
training_seed,R0,reconstruction,2026,3,four_cell_common_clean_correct,0.0,0.0,0.0,,
training_seed,R0,reconstruction,2027,3,all,-40.0,0.09533333333333333,0.09533333333333333,,
training_seed,R0,reconstruction,2027,3,all,-39.0,0.06033333333333333,0.06033333333333333,,
training_seed,R0,reconstruction,2027,3,all,-38.0,0.06033333333333333,0.06033333333333333,,
training_seed,R0,reconstruction,2027,3,all,-37.0,0.05366666666666667,0.05366666666666667,,
training_seed,R0,reconstruction,2027,3,all,-36.0,0.04,0.04,,
training_seed,R0,reconstruction,2027,3,all,-35.0,0.025333333333333333,0.025333333333333333,,
training_seed,R0,reconstruction,2027,3,all,-34.0,0.025333333333333333,0.025333333333333333,,
training_seed,R0,reconstruction,2027,3,all,-33.0,0.016333333333333335,0.016333333333333335,,
training_seed,R0,reconstruction,2027,3,all,-32.0,0.011333333333333334,0.011333333333333334,,
training_seed,R0,reconstruction,2027,3,all,-31.0,0.005333333333333333,0.005333333333333333,,
training_seed,R0,reconstruction,2027,3,all,-30.0,0.004666666666666667,0.004666666666666667,,
training_seed,R0,reconstruction,2027,3,all,-29.0,0.004,0.004,,
training_seed,R0,reconstruction,2027,3,all,-28.0,0.0026666666666666666,0.0026666666666666666,,
training_seed,R0,reconstruction,2027,3,all,-27.0,0.0016666666666666668,0.0016666666666666668,,
training_seed,R0,reconstruction,2027,3,all,-26.0,0.0003333333333333333,0.0003333333333333333,,
training_seed,R0,reconstruction,2027,3,all,-25.0,0.0,0.0,,
training_seed,R0,reconstruction,2027,3,all,-24.0,0.0,0.0,,
training_seed,R0,reconstruction,2027,3,all,-23.0,0.0,0.0,,
training_seed,R0,reconstruction,2027,3,all,-22.0,0.0,0.0,,
training_seed,R0,reconstruction,2027,3,all,-21.0,0.0,0.0,,
training_seed,R0,reconstruction,2027,3,all,-20.0,0.0,0.0,,
training_seed,R0,reconstruction,2027,3,all,-19.0,0.0,0.0,,
training_seed,R0,reconstruction,2027,3,all,-18.0,0.0,0.0,,
training_seed,R0,reconstruction,2027,3,all,-17.0,0.0,0.0,,
training_seed,R0,reconstruction,2027,3,all,-16.0,0.0,0.0,,
training_seed,R0,reconstruction,2027,3,all,-15.0,0.0,0.0,,
training_seed,R0,reconstruction,2027,3,all,-14.0,0.0,0.0,,
training_seed,R0,reconstruction,2027,3,all,-13.0,0.0,0.0,,
training_seed,R0,reconstruction,2027,3,all,-12.0,0.0,0.0,,
training_seed,R0,reconstruction,2027,3,all,-11.0,0.0,0.0,,
training_seed,R0,reconstruction,2027,3,all,-10.0,0.0,0.0,,
training_seed,R0,reconstruction,2027,3,all,-9.0,0.0,0.0,,
training_seed,R0,reconstruction,2027,3,all,-8.0,0.0,0.0,,
training_seed,R0,reconstruction,2027,3,all,-7.0,0.0,0.0,,
training_seed,R0,reconstruction,2027,3,all,-6.0,0.0,0.0,,
training_seed,R0,reconstruction,2027,3,all,-5.0,0.0,0.0,,
training_seed,R0,reconstruction,2027,3,all,-4.0,0.0,0.0,,
training_seed,R0,reconstruction,2027,3,all,-3.0,0.0,0.0,,
training_seed,R0,reconstruction,2027,3,all,-2.0,0.0,0.0,,
training_seed,R0,reconstruction,2027,3,all,-1.0,0.0,0.0,,
training_seed,R0,reconstruction,2027,3,all,0.0,0.0,0.0,,
training_seed,R0,reconstruction,2027,3,pairwise_common_clean_correct,-40.0,0.5176856305154759,0.5176856305154759,,
training_seed,R0,reconstruction,2027,3,pairwise_common_clean_correct,-39.0,0.33288559585192884,0.33288559585192884,,
training_seed,R0,reconstruction,2027,3,pairwise_common_clean_correct,-38.0,0.33288559585192884,0.33288559585192884,,
training_seed,R0,reconstruction,2027,3,pairwise_common_clean_correct,-37.0,0.29592558891921944,0.29592558891921944,,
training_seed,R0,reconstruction,2027,3,pairwise_common_clean_correct,-36.0,0.22456201164117454,0.22456201164117454,,
training_seed,R0,reconstruction,2027,3,pairwise_common_clean_correct,-35.0,0.14697343905715152,0.14697343905715152,,
training_seed,R0,reconstruction,2027,3,pairwise_common_clean_correct,-34.0,0.14697343905715152,0.14697343905715152,,
training_seed,R0,reconstruction,2027,3,pairwise_common_clean_correct,-33.0,0.09698571573002875,0.09698571573002875,,
training_seed,R0,reconstruction,2027,3,pairwise_common_clean_correct,-32.0,0.06682842988575473,0.06682842988575473,,
training_seed,R0,reconstruction,2027,3,pairwise_common_clean_correct,-31.0,0.030446148735502693,0.030446148735502693,,
training_seed,R0,reconstruction,2027,3,pairwise_common_clean_correct,-30.0,0.026199864234441123,0.026199864234441123,,
training_seed,R0,reconstruction,2027,3,pairwise_common_clean_correct,-29.0,0.021664716842150874,0.021664716842150874,,
training_seed,R0,reconstruction,2027,3,pairwise_common_clean_correct,-28.0,0.01302771639441339,0.01302771639441339,,
training_seed,R0,reconstruction,2027,3,pairwise_common_clean_correct,-27.0,0.010904574143882606,0.010904574143882606,,
training_seed,R0,reconstruction,2027,3,pairwise_common_clean_correct,-26.0,0.0021231422505307855,0.0021231422505307855,,
training_seed,R0,reconstruction,2027,3,pairwise_common_clean_correct,-25.0,0.0,0.0,,
training_seed,R0,reconstruction,2027,3,pairwise_common_clean_correct,-24.0,0.0,0.0,,
training_seed,R0,reconstruction,2027,3,pairwise_common_clean_correct,-23.0,0.0,0.0,,
training_seed,R0,reconstruction,2027,3,pairwise_common_clean_correct,-22.0,0.0,0.0,,
training_seed,R0,reconstruction,2027,3,pairwise_common_clean_correct,-21.0,0.0,0.0,,
training_seed,R0,reconstruction,2027,3,pairwise_common_clean_correct,-20.0,0.0,0.0,,
training_seed,R0,reconstruction,2027,3,pairwise_common_clean_correct,-19.0,0.0,0.0,,
training_seed,R0,reconstruction,2027,3,pairwise_common_clean_correct,-18.0,0.0,0.0,,
training_seed,R0,reconstruction,2027,3,pairwise_common_clean_correct,-17.0,0.0,0.0,,
training_seed,R0,reconstruction,2027,3,pairwise_common_clean_correct,-16.0,0.0,0.0,,
training_seed,R0,reconstruction,2027,3,pairwise_common_clean_correct,-15.0,0.0,0.0,,
training_seed,R0,reconstruction,2027,3,pairwise_common_clean_correct,-14.0,0.0,0.0,,
training_seed,R0,reconstruction,2027,3,pairwise_common_clean_correct,-13.0,0.0,0.0,,
training_seed,R0,reconstruction,2027,3,pairwise_common_clean_correct,-12.0,0.0,0.0,,
training_seed,R0,reconstruction,2027,3,pairwise_common_clean_correct,-11.0,0.0,0.0,,
training_seed,R0,reconstruction,2027,3,pairwise_common_clean_correct,-10.0,0.0,0.0,,
training_seed,R0,reconstruction,2027,3,pairwise_common_clean_correct,-9.0,0.0,0.0,,
training_seed,R0,reconstruction,2027,3,pairwise_common_clean_correct,-8.0,0.0,0.0,,
training_seed,R0,reconstruction,2027,3,pairwise_common_clean_correct,-7.0,0.0,0.0,,
training_seed,R0,reconstruction,2027,3,pairwise_common_clean_correct,-6.0,0.0,0.0,,
training_seed,R0,reconstruction,2027,3,pairwise_common_clean_correct,-5.0,0.0,0.0,,
training_seed,R0,reconstruction,2027,3,pairwise_common_clean_correct,-4.0,0.0,0.0,,
training_seed,R0,reconstruction,2027,3,pairwise_common_clean_correct,-3.0,0.0,0.0,,
training_seed,R0,reconstruction,2027,3,pairwise_common_clean_correct,-2.0,0.0,0.0,,
training_seed,R0,reconstruction,2027,3,pairwise_common_clean_correct,-1.0,0.0,0.0,,
training_seed,R0,reconstruction,2027,3,pairwise_common_clean_correct,0.0,0.0,0.0,,
training_seed,R0,reconstruction,2027,3,four_cell_common_clean_correct,-40.0,0.5210780922733999,0.5210780922733999,,
training_seed,R0,reconstruction,2027,3,four_cell_common_clean_correct,-39.0,0.3434061605272765,0.3434061605272765,,
training_seed,R0,reconstruction,2027,3,four_cell_common_clean_correct,-38.0,0.3434061605272765,0.3434061605272765,,
training_seed,R0,reconstruction,2027,3,four_cell_common_clean_correct,-37.0,0.29866259295555425,0.29866259295555425,,
training_seed,R0,reconstruction,2027,3,four_cell_common_clean_correct,-36.0,0.2280130089736938,0.2280130089736938,,
training_seed,R0,reconstruction,2027,3,four_cell_common_clean_correct,-35.0,0.14961040333583137,0.14961040333583137,,
training_seed,R0,reconstruction,2027,3,four_cell_common_clean_correct,-34.0,0.14961040333583137,0.14961040333583137,,
training_seed,R0,reconstruction,2027,3,four_cell_common_clean_correct,-33.0,0.1003434791798774,0.1003434791798774,,
training_seed,R0,reconstruction,2027,3,four_cell_common_clean_correct,-32.0,0.0816831920985377,0.0816831920985377,,
training_seed,R0,reconstruction,2027,3,four_cell_common_clean_correct,-31.0,0.04067658192578928,0.04067658192578928,,
training_seed,R0,reconstruction,2027,3,four_cell_common_clean_correct,-30.0,0.037167809995964717,0.037167809995964717,,
training_seed,R0,reconstruction,2027,3,four_cell_common_clean_correct,-29.0,0.037167809995964717,0.037167809995964717,,
training_seed,R0,reconstruction,2027,3,four_cell_common_clean_correct,-28.0,0.022346323091408698,0.022346323091408698,,
training_seed,R0,reconstruction,2027,3,four_cell_common_clean_correct,-27.0,0.018837551161584132,0.018837551161584132,,
training_seed,R0,reconstruction,2027,3,four_cell_common_clean_correct,-26.0,0.003787878787878788,0.003787878787878788,,
training_seed,R0,reconstruction,2027,3,four_cell_common_clean_correct,-25.0,0.0,0.0,,
training_seed,R0,reconstruction,2027,3,four_cell_common_clean_correct,-24.0,0.0,0.0,,
training_seed,R0,reconstruction,2027,3,four_cell_common_clean_correct,-23.0,0.0,0.0,,
training_seed,R0,reconstruction,2027,3,four_cell_common_clean_correct,-22.0,0.0,0.0,,
training_seed,R0,reconstruction,2027,3,four_cell_common_clean_correct,-21.0,0.0,0.0,,
training_seed,R0,reconstruction,2027,3,four_cell_common_clean_correct,-20.0,0.0,0.0,,
training_seed,R0,reconstruction,2027,3,four_cell_common_clean_correct,-19.0,0.0,0.0,,
training_seed,R0,reconstruction,2027,3,four_cell_common_clean_correct,-18.0,0.0,0.0,,
training_seed,R0,reconstruction,2027,3,four_cell_common_clean_correct,-17.0,0.0,0.0,,
training_seed,R0,reconstruction,2027,3,four_cell_common_clean_correct,-16.0,0.0,0.0,,
training_seed,R0,reconstruction,2027,3,four_cell_common_clean_correct,-15.0,0.0,0.0,,
training_seed,R0,reconstruction,2027,3,four_cell_common_clean_correct,-14.0,0.0,0.0,,
training_seed,R0,reconstruction,2027,3,four_cell_common_clean_correct,-13.0,0.0,0.0,,
training_seed,R0,reconstruction,2027,3,four_cell_common_clean_correct,-12.0,0.0,0.0,,
training_seed,R0,reconstruction,2027,3,four_cell_common_clean_correct,-11.0,0.0,0.0,,
training_seed,R0,reconstruction,2027,3,four_cell_common_clean_correct,-10.0,0.0,0.0,,
training_seed,R0,reconstruction,2027,3,four_cell_common_clean_correct,-9.0,0.0,0.0,,
training_seed,R0,reconstruction,2027,3,four_cell_common_clean_correct,-8.0,0.0,0.0,,
training_seed,R0,reconstruction,2027,3,four_cell_common_clean_correct,-7.0,0.0,0.0,,
training_seed,R0,reconstruction,2027,3,four_cell_common_clean_correct,-6.0,0.0,0.0,,
training_seed,R0,reconstruction,2027,3,four_cell_common_clean_correct,-5.0,0.0,0.0,,
training_seed,R0,reconstruction,2027,3,four_cell_common_clean_correct,-4.0,0.0,0.0,,
training_seed,R0,reconstruction,2027,3,four_cell_common_clean_correct,-3.0,0.0,0.0,,
training_seed,R0,reconstruction,2027,3,four_cell_common_clean_correct,-2.0,0.0,0.0,,
training_seed,R0,reconstruction,2027,3,four_cell_common_clean_correct,-1.0,0.0,0.0,,
training_seed,R0,reconstruction,2027,3,four_cell_common_clean_correct,0.0,0.0,0.0,,
training_seed,R0,reconstruction,2028,3,all,-40.0,0.09266666666666667,0.09266666666666667,,
training_seed,R0,reconstruction,2028,3,all,-39.0,0.056,0.056,,
training_seed,R0,reconstruction,2028,3,all,-38.0,0.056,0.056,,
training_seed,R0,reconstruction,2028,3,all,-37.0,0.043000000000000003,0.043000000000000003,,
training_seed,R0,reconstruction,2028,3,all,-36.0,0.03566666666666667,0.03566666666666667,,
training_seed,R0,reconstruction,2028,3,all,-35.0,0.021333333333333333,0.021333333333333333,,
training_seed,R0,reconstruction,2028,3,all,-34.0,0.021333333333333333,0.021333333333333333,,
training_seed,R0,reconstruction,2028,3,all,-33.0,0.013666666666666667,0.013666666666666667,,
training_seed,R0,reconstruction,2028,3,all,-32.0,0.008333333333333333,0.008333333333333333,,
training_seed,R0,reconstruction,2028,3,all,-31.0,0.007,0.007,,
training_seed,R0,reconstruction,2028,3,all,-30.0,0.004333333333333334,0.004333333333333334,,
training_seed,R0,reconstruction,2028,3,all,-29.0,0.0030000000000000005,0.0030000000000000005,,
training_seed,R0,reconstruction,2028,3,all,-28.0,0.0016666666666666668,0.0016666666666666668,,
training_seed,R0,reconstruction,2028,3,all,-27.0,0.001,0.001,,
training_seed,R0,reconstruction,2028,3,all,-26.0,0.0003333333333333333,0.0003333333333333333,,
training_seed,R0,reconstruction,2028,3,all,-25.0,0.0003333333333333333,0.0003333333333333333,,
training_seed,R0,reconstruction,2028,3,all,-24.0,0.0,0.0,,
training_seed,R0,reconstruction,2028,3,all,-23.0,0.0,0.0,,
training_seed,R0,reconstruction,2028,3,all,-22.0,0.0,0.0,,
training_seed,R0,reconstruction,2028,3,all,-21.0,0.0,0.0,,
training_seed,R0,reconstruction,2028,3,all,-20.0,0.0,0.0,,
training_seed,R0,reconstruction,2028,3,all,-19.0,0.0,0.0,,
training_seed,R0,reconstruction,2028,3,all,-18.0,0.0,0.0,,
training_seed,R0,reconstruction,2028,3,all,-17.0,0.0,0.0,,
training_seed,R0,reconstruction,2028,3,all,-16.0,0.0,0.0,,
training_seed,R0,reconstruction,2028,3,all,-15.0,0.0,0.0,,
training_seed,R0,reconstruction,2028,3,all,-14.0,0.0,0.0,,
training_seed,R0,reconstruction,2028,3,all,-13.0,0.0,0.0,,
training_seed,R0,reconstruction,2028,3,all,-12.0,0.0,0.0,,
training_seed,R0,reconstruction,2028,3,all,-11.0,0.0,0.0,,
training_seed,R0,reconstruction,2028,3,all,-10.0,0.0,0.0,,
training_seed,R0,reconstruction,2028,3,all,-9.0,0.0,0.0,,
training_seed,R0,reconstruction,2028,3,all,-8.0,0.0,0.0,,
training_seed,R0,reconstruction,2028,3,all,-7.0,0.0,0.0,,
training_seed,R0,reconstruction,2028,3,all,-6.0,0.0,0.0,,
training_seed,R0,reconstruction,2028,3,all,-5.0,0.0,0.0,,
training_seed,R0,reconstruction,2028,3,all,-4.0,0.0,0.0,,
training_seed,R0,reconstruction,2028,3,all,-3.0,0.0,0.0,,
training_seed,R0,reconstruction,2028,3,all,-2.0,0.0,0.0,,
training_seed,R0,reconstruction,2028,3,all,-1.0,0.0,0.0,,
training_seed,R0,reconstruction,2028,3,all,0.0,0.0,0.0,,
training_seed,R0,reconstruction,2028,3,pairwise_common_clean_correct,-40.0,0.44606887494527947,0.44606887494527947,,
training_seed,R0,reconstruction,2028,3,pairwise_common_clean_correct,-39.0,0.26667153071647454,0.26667153071647454,,
training_seed,R0,reconstruction,2028,3,pairwise_common_clean_correct,-38.0,0.26667153071647454,0.26667153071647454,,
training_seed,R0,reconstruction,2028,3,pairwise_common_clean_correct,-37.0,0.20799978111775863,0.20799978111775863,,
training_seed,R0,reconstruction,2028,3,pairwise_common_clean_correct,-36.0,0.17585546475995917,0.17585546475995917,,
training_seed,R0,reconstruction,2028,3,pairwise_common_clean_correct,-35.0,0.10586227442969015,0.10586227442969015,,
training_seed,R0,reconstruction,2028,3,pairwise_common_clean_correct,-34.0,0.10586227442969015,0.10586227442969015,,
training_seed,R0,reconstruction,2028,3,pairwise_common_clean_correct,-33.0,0.06616202149910015,0.06616202149910015,,
training_seed,R0,reconstruction,2028,3,pairwise_common_clean_correct,-32.0,0.043444476871443156,0.043444476871443156,,
training_seed,R0,reconstruction,2028,3,pairwise_common_clean_correct,-31.0,0.03591127973150445,0.03591127973150445,,
training_seed,R0,reconstruction,2028,3,pairwise_common_clean_correct,-30.0,0.022706722116834475,0.022706722116834475,,
training_seed,R0,reconstruction,2028,3,pairwise_common_clean_correct,-29.0,0.01512014203025439,0.01512014203025439,,
training_seed,R0,reconstruction,2028,3,pairwise_common_clean_correct,-28.0,0.009448781555523129,0.009448781555523129,,
training_seed,R0,reconstruction,2028,3,pairwise_common_clean_correct,-27.0,0.0056821829855537714,0.0056821829855537714,,
training_seed,R0,reconstruction,2028,3,pairwise_common_clean_correct,-26.0,0.0018726591760299626,0.0018726591760299626,,
training_seed,R0,reconstruction,2028,3,pairwise_common_clean_correct,-25.0,0.0018726591760299626,0.0018726591760299626,,
training_seed,R0,reconstruction,2028,3,pairwise_common_clean_correct,-24.0,0.0,0.0,,
training_seed,R0,reconstruction,2028,3,pairwise_common_clean_correct,-23.0,0.0,0.0,,
training_seed,R0,reconstruction,2028,3,pairwise_common_clean_correct,-22.0,0.0,0.0,,
training_seed,R0,reconstruction,2028,3,pairwise_common_clean_correct,-21.0,0.0,0.0,,
training_seed,R0,reconstruction,2028,3,pairwise_common_clean_correct,-20.0,0.0,0.0,,
training_seed,R0,reconstruction,2028,3,pairwise_common_clean_correct,-19.0,0.0,0.0,,
training_seed,R0,reconstruction,2028,3,pairwise_common_clean_correct,-18.0,0.0,0.0,,
training_seed,R0,reconstruction,2028,3,pairwise_common_clean_correct,-17.0,0.0,0.0,,
training_seed,R0,reconstruction,2028,3,pairwise_common_clean_correct,-16.0,0.0,0.0,,
training_seed,R0,reconstruction,2028,3,pairwise_common_clean_correct,-15.0,0.0,0.0,,
training_seed,R0,reconstruction,2028,3,pairwise_common_clean_correct,-14.0,0.0,0.0,,
training_seed,R0,reconstruction,2028,3,pairwise_common_clean_correct,-13.0,0.0,0.0,,
training_seed,R0,reconstruction,2028,3,pairwise_common_clean_correct,-12.0,0.0,0.0,,
training_seed,R0,reconstruction,2028,3,pairwise_common_clean_correct,-11.0,0.0,0.0,,
training_seed,R0,reconstruction,2028,3,pairwise_common_clean_correct,-10.0,0.0,0.0,,
training_seed,R0,reconstruction,2028,3,pairwise_common_clean_correct,-9.0,0.0,0.0,,
training_seed,R0,reconstruction,2028,3,pairwise_common_clean_correct,-8.0,0.0,0.0,,
training_seed,R0,reconstruction,2028,3,pairwise_common_clean_correct,-7.0,0.0,0.0,,
training_seed,R0,reconstruction,2028,3,pairwise_common_clean_correct,-6.0,0.0,0.0,,
training_seed,R0,reconstruction,2028,3,pairwise_common_clean_correct,-5.0,0.0,0.0,,
training_seed,R0,reconstruction,2028,3,pairwise_common_clean_correct,-4.0,0.0,0.0,,
training_seed,R0,reconstruction,2028,3,pairwise_common_clean_correct,-3.0,0.0,0.0,,
training_seed,R0,reconstruction,2028,3,pairwise_common_clean_correct,-2.0,0.0,0.0,,
training_seed,R0,reconstruction,2028,3,pairwise_common_clean_correct,-1.0,0.0,0.0,,
training_seed,R0,reconstruction,2028,3,pairwise_common_clean_correct,0.0,0.0,0.0,,
training_seed,R0,reconstruction,2028,3,four_cell_common_clean_correct,-40.0,0.4789415235616817,0.4789415235616817,,
training_seed,R0,reconstruction,2028,3,four_cell_common_clean_correct,-39.0,0.29870089429693075,0.29870089429693075,,
training_seed,R0,reconstruction,2028,3,four_cell_common_clean_correct,-38.0,0.29870089429693075,0.29870089429693075,,
training_seed,R0,reconstruction,2028,3,four_cell_common_clean_correct,-37.0,0.24286874059669575,0.24286874059669575,,
training_seed,R0,reconstruction,2028,3,four_cell_common_clean_correct,-36.0,0.19958121039093912,0.19958121039093912,,
training_seed,R0,reconstruction,2028,3,four_cell_common_clean_correct,-35.0,0.12430107731879325,0.12430107731879325,,
training_seed,R0,reconstruction,2028,3,four_cell_common_clean_correct,-34.0,0.12430107731879325,0.12430107731879325,,
training_seed,R0,reconstruction,2028,3,four_cell_common_clean_correct,-33.0,0.0758654217367059,0.0758654217367059,,
training_seed,R0,reconstruction,2028,3,four_cell_common_clean_correct,-32.0,0.05928383163895124,0.05928383163895124,,
training_seed,R0,reconstruction,2028,3,four_cell_common_clean_correct,-31.0,0.04949819917290641,0.04949819917290641,,
training_seed,R0,reconstruction,2028,3,four_cell_common_clean_correct,-30.0,0.036476320752169014,0.036476320752169014,,
training_seed,R0,reconstruction,2028,3,four_cell_common_clean_correct,-29.0,0.022930796446960996,0.022930796446960996,,
training_seed,R0,reconstruction,2028,3,four_cell_common_clean_correct,-28.0,0.013083521200826774,0.013083521200826774,,
training_seed,R0,reconstruction,2028,3,four_cell_common_clean_correct,-27.0,0.009647095083988288,0.009647095083988288,,
training_seed,R0,reconstruction,2028,3,four_cell_common_clean_correct,-26.0,0.003174603174603175,0.003174603174603175,,
training_seed,R0,reconstruction,2028,3,four_cell_common_clean_correct,-25.0,0.003174603174603175,0.003174603174603175,,
training_seed,R0,reconstruction,2028,3,four_cell_common_clean_correct,-24.0,0.0,0.0,,
training_seed,R0,reconstruction,2028,3,four_cell_common_clean_correct,-23.0,0.0,0.0,,
training_seed,R0,reconstruction,2028,3,four_cell_common_clean_correct,-22.0,0.0,0.0,,
training_seed,R0,reconstruction,2028,3,four_cell_common_clean_correct,-21.0,0.0,0.0,,
training_seed,R0,reconstruction,2028,3,four_cell_common_clean_correct,-20.0,0.0,0.0,,
training_seed,R0,reconstruction,2028,3,four_cell_common_clean_correct,-19.0,0.0,0.0,,
training_seed,R0,reconstruction,2028,3,four_cell_common_clean_correct,-18.0,0.0,0.0,,
training_seed,R0,reconstruction,2028,3,four_cell_common_clean_correct,-17.0,0.0,0.0,,
training_seed,R0,reconstruction,2028,3,four_cell_common_clean_correct,-16.0,0.0,0.0,,
training_seed,R0,reconstruction,2028,3,four_cell_common_clean_correct,-15.0,0.0,0.0,,
training_seed,R0,reconstruction,2028,3,four_cell_common_clean_correct,-14.0,0.0,0.0,,
training_seed,R0,reconstruction,2028,3,four_cell_common_clean_correct,-13.0,0.0,0.0,,
training_seed,R0,reconstruction,2028,3,four_cell_common_clean_correct,-12.0,0.0,0.0,,
training_seed,R0,reconstruction,2028,3,four_cell_common_clean_correct,-11.0,0.0,0.0,,
training_seed,R0,reconstruction,2028,3,four_cell_common_clean_correct,-10.0,0.0,0.0,,
training_seed,R0,reconstruction,2028,3,four_cell_common_clean_correct,-9.0,0.0,0.0,,
training_seed,R0,reconstruction,2028,3,four_cell_common_clean_correct,-8.0,0.0,0.0,,
training_seed,R0,reconstruction,2028,3,four_cell_common_clean_correct,-7.0,0.0,0.0,,
training_seed,R0,reconstruction,2028,3,four_cell_common_clean_correct,-6.0,0.0,0.0,,
training_seed,R0,reconstruction,2028,3,four_cell_common_clean_correct,-5.0,0.0,0.0,,
training_seed,R0,reconstruction,2028,3,four_cell_common_clean_correct,-4.0,0.0,0.0,,
training_seed,R0,reconstruction,2028,3,four_cell_common_clean_correct,-3.0,0.0,0.0,,
training_seed,R0,reconstruction,2028,3,four_cell_common_clean_correct,-2.0,0.0,0.0,,
training_seed,R0,reconstruction,2028,3,four_cell_common_clean_correct,-1.0,0.0,0.0,,
training_seed,R0,reconstruction,2028,3,four_cell_common_clean_correct,0.0,0.0,0.0,,
training_seed,R1,reconstruction,2026,3,all,-40.0,0.6313333333333333,0.6313333333333333,,
training_seed,R1,reconstruction,2026,3,all,-39.0,0.5723333333333334,0.5723333333333334,,
training_seed,R1,reconstruction,2026,3,all,-38.0,0.5723333333333334,0.5723333333333334,,
training_seed,R1,reconstruction,2026,3,all,-37.0,0.5666666666666667,0.5666666666666667,,
training_seed,R1,reconstruction,2026,3,all,-36.0,0.5093333333333333,0.5093333333333333,,
training_seed,R1,reconstruction,2026,3,all,-35.0,0.467,0.467,,
training_seed,R1,reconstruction,2026,3,all,-34.0,0.45,0.45,,
training_seed,R1,reconstruction,2026,3,all,-33.0,0.39399999999999996,0.39399999999999996,,
training_seed,R1,reconstruction,2026,3,all,-32.0,0.3423333333333334,0.3423333333333334,,
training_seed,R1,reconstruction,2026,3,all,-31.0,0.301,0.301,,
training_seed,R1,reconstruction,2026,3,all,-30.0,0.259,0.259,,
training_seed,R1,reconstruction,2026,3,all,-29.0,0.21866666666666668,0.21866666666666668,,
training_seed,R1,reconstruction,2026,3,all,-28.0,0.18466666666666667,0.18466666666666667,,
training_seed,R1,reconstruction,2026,3,all,-27.0,0.14700000000000002,0.14700000000000002,,
training_seed,R1,reconstruction,2026,3,all,-26.0,0.12133333333333333,0.12133333333333333,,
training_seed,R1,reconstruction,2026,3,all,-25.0,0.08966666666666667,0.08966666666666667,,
training_seed,R1,reconstruction,2026,3,all,-24.0,0.06433333333333334,0.06433333333333334,,
training_seed,R1,reconstruction,2026,3,all,-23.0,0.045000000000000005,0.045000000000000005,,
training_seed,R1,reconstruction,2026,3,all,-22.0,0.03166666666666667,0.03166666666666667,,
training_seed,R1,reconstruction,2026,3,all,-21.0,0.021,0.021,,
training_seed,R1,reconstruction,2026,3,all,-20.0,0.013,0.013,,
training_seed,R1,reconstruction,2026,3,all,-19.0,0.008,0.008,,
training_seed,R1,reconstruction,2026,3,all,-18.0,0.004333333333333334,0.004333333333333334,,
training_seed,R1,reconstruction,2026,3,all,-17.0,0.0023333333333333335,0.0023333333333333335,,
training_seed,R1,reconstruction,2026,3,all,-16.0,0.0013333333333333333,0.0013333333333333333,,
training_seed,R1,reconstruction,2026,3,all,-15.0,0.001,0.001,,
training_seed,R1,reconstruction,2026,3,all,-14.0,0.0006666666666666666,0.0006666666666666666,,
training_seed,R1,reconstruction,2026,3,all,-13.0,0.0003333333333333333,0.0003333333333333333,,
training_seed,R1,reconstruction,2026,3,all,-12.0,0.0003333333333333333,0.0003333333333333333,,
training_seed,R1,reconstruction,2026,3,all,-11.0,0.0003333333333333333,0.0003333333333333333,,
training_seed,R1,reconstruction,2026,3,all,-10.0,0.0003333333333333333,0.0003333333333333333,,
training_seed,R1,reconstruction,2026,3,all,-9.0,0.0003333333333333333,0.0003333333333333333,,
training_seed,R1,reconstruction,2026,3,all,-8.0,0.0,0.0,,
training_seed,R1,reconstruction,2026,3,all,-7.0,0.0,0.0,,
training_seed,R1,reconstruction,2026,3,all,-6.0,0.0,0.0,,
training_seed,R1,reconstruction,2026,3,all,-5.0,0.0,0.0,,
training_seed,R1,reconstruction,2026,3,all,-4.0,0.0,0.0,,
training_seed,R1,reconstruction,2026,3,all,-3.0,0.0,0.0,,
training_seed,R1,reconstruction,2026,3,all,-2.0,0.0,0.0,,
training_seed,R1,reconstruction,2026,3,all,-1.0,0.0,0.0,,
training_seed,R1,reconstruction,2026,3,all,0.0,0.0,0.0,,
training_seed,R1,reconstruction,2026,3,pairwise_common_clean_correct,-40.0,0.8704838998988689,0.8704838998988689,,
training_seed,R1,reconstruction,2026,3,pairwise_common_clean_correct,-39.0,0.7960248525124873,0.7960248525124873,,
training_seed,R1,reconstruction,2026,3,pairwise_common_clean_correct,-38.0,0.7960248525124873,0.7960248525124873,,
training_seed,R1,reconstruction,2026,3,pairwise_common_clean_correct,-37.0,0.7760280658199822,0.7760280658199822,,
training_seed,R1,reconstruction,2026,3,pairwise_common_clean_correct,-36.0,0.7090693953369627,0.7090693953369627,,
training_seed,R1,reconstruction,2026,3,pairwise_common_clean_correct,-35.0,0.6376676669736917,0.6376676669736917,,
training_seed,R1,reconstruction,2026,3,pairwise_common_clean_correct,-34.0,0.6302594525712513,0.6302594525712513,,
training_seed,R1,reconstruction,2026,3,pairwise_common_clean_correct,-33.0,0.5687367189709492,0.5687367189709492,,
training_seed,R1,reconstruction,2026,3,pairwise_common_clean_correct,-32.0,0.49390902158088124,0.49390902158088124,,
training_seed,R1,reconstruction,2026,3,pairwise_common_clean_correct,-31.0,0.43913670972718793,0.43913670972718793,,
training_seed,R1,reconstruction,2026,3,pairwise_common_clean_correct,-30.0,0.37969932465520223,0.37969932465520223,,
training_seed,R1,reconstruction,2026,3,pairwise_common_clean_correct,-29.0,0.30782000195879705,0.30782000195879705,,
training_seed,R1,reconstruction,2026,3,pairwise_common_clean_correct,-28.0,0.2754943486504659,0.2754943486504659,,
training_seed,R1,reconstruction,2026,3,pairwise_common_clean_correct,-27.0,0.23089017421188682,0.23089017421188682,,
training_seed,R1,reconstruction,2026,3,pairwise_common_clean_correct,-26.0,0.20357733561786293,0.20357733561786293,,
training_seed,R1,reconstruction,2026,3,pairwise_common_clean_correct,-25.0,0.1662765579314223,0.1662765579314223,,
training_seed,R1,reconstruction,2026,3,pairwise_common_clean_correct,-24.0,0.13133348959691699,0.13133348959691699,,
training_seed,R1,reconstruction,2026,3,pairwise_common_clean_correct,-23.0,0.11400859009530978,0.11400859009530978,,
training_seed,R1,reconstruction,2026,3,pairwise_common_clean_correct,-22.0,0.08190495212501968,0.08190495212501968,,
training_seed,R1,reconstruction,2026,3,pairwise_common_clean_correct,-21.0,0.05446226069387634,0.05446226069387634,,
training_seed,R1,reconstruction,2026,3,pairwise_common_clean_correct,-20.0,0.03704519869134751,0.03704519869134751,,
training_seed,R1,reconstruction,2026,3,pairwise_common_clean_correct,-19.0,0.02230002387971666,0.02230002387971666,,
training_seed,R1,reconstruction,2026,3,pairwise_common_clean_correct,-18.0,0.012404247288221577,0.012404247288221577,,
training_seed,R1,reconstruction,2026,3,pairwise_common_clean_correct,-17.0,0.007538067239559777,0.007538067239559777,,
training_seed,R1,reconstruction,2026,3,pairwise_common_clean_correct,-16.0,0.005012814714307252,0.005012814714307252,,
training_seed,R1,reconstruction,2026,3,pairwise_common_clean_correct,-15.0,0.0024875621890547263,0.0024875621890547263,,
training_seed,R1,reconstruction,2026,3,pairwise_common_clean_correct,-14.0,0.0,0.0,,
training_seed,R1,reconstruction,2026,3,pairwise_common_clean_correct,-13.0,0.0,0.0,,
training_seed,R1,reconstruction,2026,3,pairwise_common_clean_correct,-12.0,0.0,0.0,,
training_seed,R1,reconstruction,2026,3,pairwise_common_clean_correct,-11.0,0.0,0.0,,
training_seed,R1,reconstruction,2026,3,pairwise_common_clean_correct,-10.0,0.0,0.0,,
training_seed,R1,reconstruction,2026,3,pairwise_common_clean_correct,-9.0,0.0,0.0,,
training_seed,R1,reconstruction,2026,3,pairwise_common_clean_correct,-8.0,0.0,0.0,,
training_seed,R1,reconstruction,2026,3,pairwise_common_clean_correct,-7.0,0.0,0.0,,
training_seed,R1,reconstruction,2026,3,pairwise_common_clean_correct,-6.0,0.0,0.0,,
training_seed,R1,reconstruction,2026,3,pairwise_common_clean_correct,-5.0,0.0,0.0,,
training_seed,R1,reconstruction,2026,3,pairwise_common_clean_correct,-4.0,0.0,0.0,,
training_seed,R1,reconstruction,2026,3,pairwise_common_clean_correct,-3.0,0.0,0.0,,
training_seed,R1,reconstruction,2026,3,pairwise_common_clean_correct,-2.0,0.0,0.0,,
training_seed,R1,reconstruction,2026,3,pairwise_common_clean_correct,-1.0,0.0,0.0,,
training_seed,R1,reconstruction,2026,3,pairwise_common_clean_correct,0.0,0.0,0.0,,
training_seed,R1,reconstruction,2026,3,four_cell_common_clean_correct,-40.0,0.8763554239392172,0.8763554239392172,,
training_seed,R1,reconstruction,2026,3,four_cell_common_clean_correct,-39.0,0.8301289241859978,0.8301289241859978,,
training_seed,R1,reconstruction,2026,3,four_cell_common_clean_correct,-38.0,0.8301289241859978,0.8301289241859978,,
training_seed,R1,reconstruction,2026,3,four_cell_common_clean_correct,-37.0,0.8160100806150071,0.8160100806150071,,
training_seed,R1,reconstruction,2026,3,four_cell_common_clean_correct,-36.0,0.760050702203078,0.760050702203078,,
training_seed,R1,reconstruction,2026,3,four_cell_common_clean_correct,-35.0,0.7075873827791986,0.7075873827791986,,
training_seed,R1,reconstruction,2026,3,four_cell_common_clean_correct,-34.0,0.6988154529546372,0.6988154529546372,,
training_seed,R1,reconstruction,2026,3,four_cell_common_clean_correct,-33.0,0.6468681294027908,0.6468681294027908,,
training_seed,R1,reconstruction,2026,3,four_cell_common_clean_correct,-32.0,0.6048144658320994,0.6048144658320994,,
training_seed,R1,reconstruction,2026,3,four_cell_common_clean_correct,-31.0,0.5541309582566818,0.5541309582566818,,
training_seed,R1,reconstruction,2026,3,four_cell_common_clean_correct,-30.0,0.5118454704536277,0.5118454704536277,,
training_seed,R1,reconstruction,2026,3,four_cell_common_clean_correct,-29.0,0.4508420454375495,0.4508420454375495,,
training_seed,R1,reconstruction,2026,3,four_cell_common_clean_correct,-28.0,0.41814735047337015,0.41814735047337015,,
training_seed,R1,reconstruction,2026,3,four_cell_common_clean_correct,-27.0,0.3558801094808633,0.3558801094808633,,
training_seed,R1,reconstruction,2026,3,four_cell_common_clean_correct,-26.0,0.3227404615545684,0.3227404615545684,,
training_seed,R1,reconstruction,2026,3,four_cell_common_clean_correct,-25.0,0.27161200101703536,0.27161200101703536,,
training_seed,R1,reconstruction,2026,3,four_cell_common_clean_correct,-24.0,0.22918442739414605,0.22918442739414605,,
training_seed,R1,reconstruction,2026,3,four_cell_common_clean_correct,-23.0,0.20533270516444566,0.20533270516444566,,
training_seed,R1,reconstruction,2026,3,four_cell_common_clean_correct,-22.0,0.14557440062218632,0.14557440062218632,,
training_seed,R1,reconstruction,2026,3,four_cell_common_clean_correct,-21.0,0.09876086208701634,0.09876086208701634,,
training_seed,R1,reconstruction,2026,3,four_cell_common_clean_correct,-20.0,0.06562121416072149,0.06562121416072149,,
training_seed,R1,reconstruction,2026,3,four_cell_common_clean_correct,-19.0,0.03700961696654253,0.03700961696654253,,
training_seed,R1,reconstruction,2026,3,four_cell_common_clean_correct,-18.0,0.019020804355304288,0.019020804355304288,,
training_seed,R1,reconstruction,2026,3,four_cell_common_clean_correct,-17.0,0.014189886480908152,0.014189886480908152,,
training_seed,R1,reconstruction,2026,3,four_cell_common_clean_correct,-16.0,0.009287925696594427,0.009287925696594427,,
training_seed,R1,reconstruction,2026,3,four_cell_common_clean_correct,-15.0,0.0043859649122807015,0.0043859649122807015,,
training_seed,R1,reconstruction,2026,3,four_cell_common_clean_correct,-14.0,0.0,0.0,,
training_seed,R1,reconstruction,2026,3,four_cell_common_clean_correct,-13.0,0.0,0.0,,
training_seed,R1,reconstruction,2026,3,four_cell_common_clean_correct,-12.0,0.0,0.0,,
training_seed,R1,reconstruction,2026,3,four_cell_common_clean_correct,-11.0,0.0,0.0,,
training_seed,R1,reconstruction,2026,3,four_cell_common_clean_correct,-10.0,0.0,0.0,,
training_seed,R1,reconstruction,2026,3,four_cell_common_clean_correct,-9.0,0.0,0.0,,
training_seed,R1,reconstruction,2026,3,four_cell_common_clean_correct,-8.0,0.0,0.0,,
training_seed,R1,reconstruction,2026,3,four_cell_common_clean_correct,-7.0,0.0,0.0,,
training_seed,R1,reconstruction,2026,3,four_cell_common_clean_correct,-6.0,0.0,0.0,,
training_seed,R1,reconstruction,2026,3,four_cell_common_clean_correct,-5.0,0.0,0.0,,
training_seed,R1,reconstruction,2026,3,four_cell_common_clean_correct,-4.0,0.0,0.0,,
training_seed,R1,reconstruction,2026,3,four_cell_common_clean_correct,-3.0,0.0,0.0,,
training_seed,R1,reconstruction,2026,3,four_cell_common_clean_correct,-2.0,0.0,0.0,,
training_seed,R1,reconstruction,2026,3,four_cell_common_clean_correct,-1.0,0.0,0.0,,
training_seed,R1,reconstruction,2026,3,four_cell_common_clean_correct,0.0,0.0,0.0,,
training_seed,R1,reconstruction,2027,3,all,-40.0,0.5793333333333333,0.5793333333333333,,
training_seed,R1,reconstruction,2027,3,all,-39.0,0.5186666666666667,0.5186666666666667,,
training_seed,R1,reconstruction,2027,3,all,-38.0,0.5186666666666667,0.5186666666666667,,
training_seed,R1,reconstruction,2027,3,all,-37.0,0.5113333333333334,0.5113333333333334,,
training_seed,R1,reconstruction,2027,3,all,-36.0,0.4563333333333333,0.4563333333333333,,
training_seed,R1,reconstruction,2027,3,all,-35.0,0.412,0.412,,
training_seed,R1,reconstruction,2027,3,all,-34.0,0.39266666666666666,0.39266666666666666,,
training_seed,R1,reconstruction,2027,3,all,-33.0,0.3426666666666667,0.3426666666666667,,
training_seed,R1,reconstruction,2027,3,all,-32.0,0.3,0.3,,
training_seed,R1,reconstruction,2027,3,all,-31.0,0.2753333333333334,0.2753333333333334,,
training_seed,R1,reconstruction,2027,3,all,-30.0,0.23366666666666666,0.23366666666666666,,
training_seed,R1,reconstruction,2027,3,all,-29.0,0.19666666666666668,0.19666666666666668,,
training_seed,R1,reconstruction,2027,3,all,-28.0,0.1703333333333333,0.1703333333333333,,
training_seed,R1,reconstruction,2027,3,all,-27.0,0.12833333333333333,0.12833333333333333,,
training_seed,R1,reconstruction,2027,3,all,-26.0,0.10533333333333333,0.10533333333333333,,
training_seed,R1,reconstruction,2027,3,all,-25.0,0.08133333333333333,0.08133333333333333,,
training_seed,R1,reconstruction,2027,3,all,-24.0,0.061,0.061,,
training_seed,R1,reconstruction,2027,3,all,-23.0,0.04666666666666667,0.04666666666666667,,
training_seed,R1,reconstruction,2027,3,all,-22.0,0.03466666666666667,0.03466666666666667,,
training_seed,R1,reconstruction,2027,3,all,-21.0,0.025000000000000005,0.025000000000000005,,
training_seed,R1,reconstruction,2027,3,all,-20.0,0.015666666666666666,0.015666666666666666,,
training_seed,R1,reconstruction,2027,3,all,-19.0,0.008333333333333333,0.008333333333333333,,
training_seed,R1,reconstruction,2027,3,all,-18.0,0.004333333333333334,0.004333333333333334,,
training_seed,R1,reconstruction,2027,3,all,-17.0,0.0036666666666666666,0.0036666666666666666,,
training_seed,R1,reconstruction,2027,3,all,-16.0,0.0013333333333333333,0.0013333333333333333,,
training_seed,R1,reconstruction,2027,3,all,-15.0,0.0003333333333333333,0.0003333333333333333,,
training_seed,R1,reconstruction,2027,3,all,-14.0,0.0,0.0,,
training_seed,R1,reconstruction,2027,3,all,-13.0,0.0,0.0,,
training_seed,R1,reconstruction,2027,3,all,-12.0,0.0,0.0,,
training_seed,R1,reconstruction,2027,3,all,-11.0,0.0,0.0,,
training_seed,R1,reconstruction,2027,3,all,-10.0,0.0,0.0,,
training_seed,R1,reconstruction,2027,3,all,-9.0,0.0,0.0,,
training_seed,R1,reconstruction,2027,3,all,-8.0,0.0,0.0,,
training_seed,R1,reconstruction,2027,3,all,-7.0,0.0,0.0,,
training_seed,R1,reconstruction,2027,3,all,-6.0,0.0,0.0,,
training_seed,R1,reconstruction,2027,3,all,-5.0,0.0,0.0,,
training_seed,R1,reconstruction,2027,3,all,-4.0,0.0,0.0,,
training_seed,R1,reconstruction,2027,3,all,-3.0,0.0,0.0,,
training_seed,R1,reconstruction,2027,3,all,-2.0,0.0,0.0,,
training_seed,R1,reconstruction,2027,3,all,-1.0,0.0,0.0,,
training_seed,R1,reconstruction,2027,3,all,0.0,0.0,0.0,,
training_seed,R1,reconstruction,2027,3,pairwise_common_clean_correct,-40.0,0.861230267053743,0.861230267053743,,
training_seed,R1,reconstruction,2027,3,pairwise_common_clean_correct,-39.0,0.7938241113855309,0.7938241113855309,,
training_seed,R1,reconstruction,2027,3,pairwise_common_clean_correct,-38.0,0.7938241113855309,0.7938241113855309,,
training_seed,R1,reconstruction,2027,3,pairwise_common_clean_correct,-37.0,0.7764056790444416,0.7764056790444416,,
training_seed,R1,reconstruction,2027,3,pairwise_common_clean_correct,-36.0,0.7194708031832691,0.7194708031832691,,
training_seed,R1,reconstruction,2027,3,pairwise_common_clean_correct,-35.0,0.6656700896919276,0.6656700896919276,,
training_seed,R1,reconstruction,2027,3,pairwise_common_clean_correct,-34.0,0.6483960887964527,0.6483960887964527,,
training_seed,R1,reconstruction,2027,3,pairwise_common_clean_correct,-33.0,0.5747649378222627,0.5747649378222627,,
training_seed,R1,reconstruction,2027,3,pairwise_common_clean_correct,-32.0,0.5069254878172075,0.5069254878172075,,
training_seed,R1,reconstruction,2027,3,pairwise_common_clean_correct,-31.0,0.47421176538555976,0.47421176538555976,,
training_seed,R1,reconstruction,2027,3,pairwise_common_clean_correct,-30.0,0.4090731834134928,0.4090731834134928,,
training_seed,R1,reconstruction,2027,3,pairwise_common_clean_correct,-29.0,0.3722576079263977,0.3722576079263977,,
training_seed,R1,reconstruction,2027,3,pairwise_common_clean_correct,-28.0,0.33119574793824114,0.33119574793824114,,
training_seed,R1,reconstruction,2027,3,pairwise_common_clean_correct,-27.0,0.2492164594075422,0.2492164594075422,,
training_seed,R1,reconstruction,2027,3,pairwise_common_clean_correct,-26.0,0.2296748848159221,0.2296748848159221,,
training_seed,R1,reconstruction,2027,3,pairwise_common_clean_correct,-25.0,0.18364458309863227,0.18364458309863227,,
training_seed,R1,reconstruction,2027,3,pairwise_common_clean_correct,-24.0,0.1513641550038274,0.1513641550038274,,
training_seed,R1,reconstruction,2027,3,pairwise_common_clean_correct,-23.0,0.11879486401779395,0.11879486401779395,,
training_seed,R1,reconstruction,2027,3,pairwise_common_clean_correct,-22.0,0.08863757817351996,0.08863757817351996,,
training_seed,R1,reconstruction,2027,3,pairwise_common_clean_correct,-21.0,0.06952929791874286,0.06952929791874286,,
training_seed,R1,reconstruction,2027,3,pairwise_common_clean_correct,-20.0,0.04800901252220633,0.04800901252220633,,
training_seed,R1,reconstruction,2027,3,pairwise_common_clean_correct,-19.0,0.024076721983910337,0.024076721983910337,,
training_seed,R1,reconstruction,2027,3,pairwise_common_clean_correct,-18.0,0.015295290090558517,0.015295290090558517,,
training_seed,R1,reconstruction,2027,3,pairwise_common_clean_correct,-17.0,0.013172147840027732,0.013172147840027732,,
training_seed,R1,reconstruction,2027,3,pairwise_common_clean_correct,-16.0,0.006369426751592358,0.006369426751592358,,
training_seed,R1,reconstruction,2027,3,pairwise_common_clean_correct,-15.0,0.0,0.0,,
training_seed,R1,reconstruction,2027,3,pairwise_common_clean_correct,-14.0,0.0,0.0,,
training_seed,R1,reconstruction,2027,3,pairwise_common_clean_correct,-13.0,0.0,0.0,,
training_seed,R1,reconstruction,2027,3,pairwise_common_clean_correct,-12.0,0.0,0.0,,
training_seed,R1,reconstruction,2027,3,pairwise_common_clean_correct,-11.0,0.0,0.0,,
training_seed,R1,reconstruction,2027,3,pairwise_common_clean_correct,-10.0,0.0,0.0,,
training_seed,R1,reconstruction,2027,3,pairwise_common_clean_correct,-9.0,0.0,0.0,,
training_seed,R1,reconstruction,2027,3,pairwise_common_clean_correct,-8.0,0.0,0.0,,
training_seed,R1,reconstruction,2027,3,pairwise_common_clean_correct,-7.0,0.0,0.0,,
training_seed,R1,reconstruction,2027,3,pairwise_common_clean_correct,-6.0,0.0,0.0,,
training_seed,R1,reconstruction,2027,3,pairwise_common_clean_correct,-5.0,0.0,0.0,,
training_seed,R1,reconstruction,2027,3,pairwise_common_clean_correct,-4.0,0.0,0.0,,
training_seed,R1,reconstruction,2027,3,pairwise_common_clean_correct,-3.0,0.0,0.0,,
training_seed,R1,reconstruction,2027,3,pairwise_common_clean_correct,-2.0,0.0,0.0,,
training_seed,R1,reconstruction,2027,3,pairwise_common_clean_correct,-1.0,0.0,0.0,,
training_seed,R1,reconstruction,2027,3,pairwise_common_clean_correct,0.0,0.0,0.0,,
training_seed,R1,reconstruction,2027,3,four_cell_common_clean_correct,-40.0,0.9147571145827329,0.9147571145827329,,
training_seed,R1,reconstruction,2027,3,four_cell_common_clean_correct,-39.0,0.8659974827539824,0.8659974827539824,,
training_seed,R1,reconstruction,2027,3,four_cell_common_clean_correct,-38.0,0.8659974827539824,0.8659974827539824,,
training_seed,R1,reconstruction,2027,3,four_cell_common_clean_correct,-37.0,0.8509478103802771,0.8509478103802771,,
training_seed,R1,reconstruction,2027,3,four_cell_common_clean_correct,-36.0,0.8235708383774331,0.8235708383774331,,
training_seed,R1,reconstruction,2027,3,four_cell_common_clean_correct,-35.0,0.7825642282046847,0.7825642282046847,,
training_seed,R1,reconstruction,2027,3,four_cell_common_clean_correct,-34.0,0.7634475701850465,0.7634475701850465,,
training_seed,R1,reconstruction,2027,3,four_cell_common_clean_correct,-33.0,0.7036543302396187,0.7036543302396187,,
training_seed,R1,reconstruction,2027,3,four_cell_common_clean_correct,-32.0,0.6305192060106454,0.6305192060106454,,
training_seed,R1,reconstruction,2027,3,four_cell_common_clean_correct,-31.0,0.6071073768759248,0.6071073768759248,,
training_seed,R1,reconstruction,2027,3,four_cell_common_clean_correct,-30.0,0.52440960012298,0.52440960012298,,
training_seed,R1,reconstruction,2027,3,four_cell_common_clean_correct,-29.0,0.4864044695528526,0.4864044695528526,,
training_seed,R1,reconstruction,2027,3,four_cell_common_clean_correct,-28.0,0.44489056705290064,0.44489056705290064,,
training_seed,R1,reconstruction,2027,3,four_cell_common_clean_correct,-27.0,0.34726946061758995,0.34726946061758995,,
training_seed,R1,reconstruction,2027,3,four_cell_common_clean_correct,-26.0,0.3214143655963568,0.3214143655963568,,
training_seed,R1,reconstruction,2027,3,four_cell_common_clean_correct,-25.0,0.2611647547126304,0.2611647547126304,,
training_seed,R1,reconstruction,2027,3,four_cell_common_clean_correct,-24.0,0.21642118714090816,0.21642118714090816,,
training_seed,R1,reconstruction,2027,3,four_cell_common_clean_correct,-23.0,0.17925337714494338,0.17925337714494338,,
training_seed,R1,reconstruction,2027,3,four_cell_common_clean_correct,-22.0,0.13501710190042468,0.13501710190042468,,
training_seed,R1,reconstruction,2027,3,four_cell_common_clean_correct,-21.0,0.10583049902961128,0.10583049902961128,,
training_seed,R1,reconstruction,2027,3,four_cell_common_clean_correct,-20.0,0.07267875329067466,0.07267875329067466,,
training_seed,R1,reconstruction,2027,3,four_cell_common_clean_correct,-19.0,0.03444543725139793,0.03444543725139793,,
training_seed,R1,reconstruction,2027,3,four_cell_common_clean_correct,-18.0,0.019116658019638362,0.019116658019638362,,
training_seed,R1,reconstruction,2027,3,four_cell_common_clean_correct,-17.0,0.015328779231759572,0.015328779231759572,,
training_seed,R1,reconstruction,2027,3,four_cell_common_clean_correct,-16.0,0.00729665071770335,0.00729665071770335,,
training_seed,R1,reconstruction,2027,3,four_cell_common_clean_correct,-15.0,0.0,0.0,,
training_seed,R1,reconstruction,2027,3,four_cell_common_clean_correct,-14.0,0.0,0.0,,
training_seed,R1,reconstruction,2027,3,four_cell_common_clean_correct,-13.0,0.0,0.0,,
training_seed,R1,reconstruction,2027,3,four_cell_common_clean_correct,-12.0,0.0,0.0,,
training_seed,R1,reconstruction,2027,3,four_cell_common_clean_correct,-11.0,0.0,0.0,,
training_seed,R1,reconstruction,2027,3,four_cell_common_clean_correct,-10.0,0.0,0.0,,
training_seed,R1,reconstruction,2027,3,four_cell_common_clean_correct,-9.0,0.0,0.0,,
training_seed,R1,reconstruction,2027,3,four_cell_common_clean_correct,-8.0,0.0,0.0,,
training_seed,R1,reconstruction,2027,3,four_cell_common_clean_correct,-7.0,0.0,0.0,,
training_seed,R1,reconstruction,2027,3,four_cell_common_clean_correct,-6.0,0.0,0.0,,
training_seed,R1,reconstruction,2027,3,four_cell_common_clean_correct,-5.0,0.0,0.0,,
training_seed,R1,reconstruction,2027,3,four_cell_common_clean_correct,-4.0,0.0,0.0,,
training_seed,R1,reconstruction,2027,3,four_cell_common_clean_correct,-3.0,0.0,0.0,,
training_seed,R1,reconstruction,2027,3,four_cell_common_clean_correct,-2.0,0.0,0.0,,
training_seed,R1,reconstruction,2027,3,four_cell_common_clean_correct,-1.0,0.0,0.0,,
training_seed,R1,reconstruction,2027,3,four_cell_common_clean_correct,0.0,0.0,0.0,,
training_seed,R1,reconstruction,2028,3,all,-40.0,0.6183333333333333,0.6183333333333333,,
training_seed,R1,reconstruction,2028,3,all,-39.0,0.5596666666666668,0.5596666666666668,,
training_seed,R1,reconstruction,2028,3,all,-38.0,0.5596666666666668,0.5596666666666668,,
training_seed,R1,reconstruction,2028,3,all,-37.0,0.5553333333333333,0.5553333333333333,,
training_seed,R1,reconstruction,2028,3,all,-36.0,0.49699999999999994,0.49699999999999994,,
training_seed,R1,reconstruction,2028,3,all,-35.0,0.453,0.453,,
training_seed,R1,reconstruction,2028,3,all,-34.0,0.4383333333333333,0.4383333333333333,,
training_seed,R1,reconstruction,2028,3,all,-33.0,0.3833333333333333,0.3833333333333333,,
training_seed,R1,reconstruction,2028,3,all,-32.0,0.336,0.336,,
training_seed,R1,reconstruction,2028,3,all,-31.0,0.30033333333333334,0.30033333333333334,,
training_seed,R1,reconstruction,2028,3,all,-30.0,0.25866666666666666,0.25866666666666666,,
training_seed,R1,reconstruction,2028,3,all,-29.0,0.21366666666666667,0.21366666666666667,,
training_seed,R1,reconstruction,2028,3,all,-28.0,0.18033333333333332,0.18033333333333332,,
training_seed,R1,reconstruction,2028,3,all,-27.0,0.1456666666666667,0.1456666666666667,,
training_seed,R1,reconstruction,2028,3,all,-26.0,0.11266666666666665,0.11266666666666665,,
training_seed,R1,reconstruction,2028,3,all,-25.0,0.08866666666666667,0.08866666666666667,,
training_seed,R1,reconstruction,2028,3,all,-24.0,0.06733333333333334,0.06733333333333334,,
training_seed,R1,reconstruction,2028,3,all,-23.0,0.04633333333333334,0.04633333333333334,,
training_seed,R1,reconstruction,2028,3,all,-22.0,0.031,0.031,,
training_seed,R1,reconstruction,2028,3,all,-21.0,0.02,0.02,,
training_seed,R1,reconstruction,2028,3,all,-20.0,0.010666666666666666,0.010666666666666666,,
training_seed,R1,reconstruction,2028,3,all,-19.0,0.005666666666666667,0.005666666666666667,,
training_seed,R1,reconstruction,2028,3,all,-18.0,0.0030000000000000005,0.0030000000000000005,,
training_seed,R1,reconstruction,2028,3,all,-17.0,0.0016666666666666668,0.0016666666666666668,,
training_seed,R1,reconstruction,2028,3,all,-16.0,0.0013333333333333333,0.0013333333333333333,,
training_seed,R1,reconstruction,2028,3,all,-15.0,0.001,0.001,,
training_seed,R1,reconstruction,2028,3,all,-14.0,0.001,0.001,,
training_seed,R1,reconstruction,2028,3,all,-13.0,0.0006666666666666666,0.0006666666666666666,,
training_seed,R1,reconstruction,2028,3,all,-12.0,0.0003333333333333333,0.0003333333333333333,,
training_seed,R1,reconstruction,2028,3,all,-11.0,0.0003333333333333333,0.0003333333333333333,,
training_seed,R1,reconstruction,2028,3,all,-10.0,0.0,0.0,,
training_seed,R1,reconstruction,2028,3,all,-9.0,0.0,0.0,,
training_seed,R1,reconstruction,2028,3,all,-8.0,0.0,0.0,,
training_seed,R1,reconstruction,2028,3,all,-7.0,0.0,0.0,,
training_seed,R1,reconstruction,2028,3,all,-6.0,0.0,0.0,,
training_seed,R1,reconstruction,2028,3,all,-5.0,0.0,0.0,,
training_seed,R1,reconstruction,2028,3,all,-4.0,0.0,0.0,,
training_seed,R1,reconstruction,2028,3,all,-3.0,0.0,0.0,,
training_seed,R1,reconstruction,2028,3,all,-2.0,0.0,0.0,,
training_seed,R1,reconstruction,2028,3,all,-1.0,0.0,0.0,,
training_seed,R1,reconstruction,2028,3,all,0.0,0.0,0.0,,
training_seed,R1,reconstruction,2028,3,pairwise_common_clean_correct,-40.0,0.8715384989542293,0.8715384989542293,,
training_seed,R1,reconstruction,2028,3,pairwise_common_clean_correct,-39.0,0.8034929957682767,0.8034929957682767,,
training_seed,R1,reconstruction,2028,3,pairwise_common_clean_correct,-38.0,0.8034929957682767,0.8034929957682767,,
training_seed,R1,reconstruction,2028,3,pairwise_common_clean_correct,-37.0,0.7941084196702174,0.7941084196702174,,
training_seed,R1,reconstruction,2028,3,pairwise_common_clean_correct,-36.0,0.7279142954423854,0.7279142954423854,,
training_seed,R1,reconstruction,2028,3,pairwise_common_clean_correct,-35.0,0.6750210370154192,0.6750210370154192,,
training_seed,R1,reconstruction,2028,3,pairwise_common_clean_correct,-34.0,0.6655830779707185,0.6655830779707185,,
training_seed,R1,reconstruction,2028,3,pairwise_common_clean_correct,-33.0,0.5975375747847657,0.5975375747847657,,
training_seed,R1,reconstruction,2028,3,pairwise_common_clean_correct,-32.0,0.557805948732915,0.557805948732915,,
training_seed,R1,reconstruction,2028,3,pairwise_common_clean_correct,-31.0,0.508635998832628,0.508635998832628,,
training_seed,R1,reconstruction,2028,3,pairwise_common_clean_correct,-30.0,0.4423773043435965,0.4423773043435965,,
training_seed,R1,reconstruction,2028,3,pairwise_common_clean_correct,-29.0,0.3686283379541806,0.3686283379541806,,
training_seed,R1,reconstruction,2028,3,pairwise_common_clean_correct,-28.0,0.3308014738070918,0.3308014738070918,,
training_seed,R1,reconstruction,2028,3,pairwise_common_clean_correct,-27.0,0.274184177245975,0.274184177245975,,
training_seed,R1,reconstruction,2028,3,pairwise_common_clean_correct,-26.0,0.2117667444914636,0.2117667444914636,,
training_seed,R1,reconstruction,2028,3,pairwise_common_clean_correct,-25.0,0.18153728294177732,0.18153728294177732,,
training_seed,R1,reconstruction,2028,3,pairwise_common_clean_correct,-24.0,0.15122270052045333,0.15122270052045333,,
training_seed,R1,reconstruction,2028,3,pairwise_common_clean_correct,-23.0,0.09836045041101221,0.09836045041101221,,
training_seed,R1,reconstruction,2028,3,pairwise_common_clean_correct,-22.0,0.08319774794493895,0.08319774794493895,,
training_seed,R1,reconstruction,2028,3,pairwise_common_clean_correct,-21.0,0.05675616518313147,0.05675616518313147,,
training_seed,R1,reconstruction,2028,3,pairwise_common_clean_correct,-20.0,0.03031494722505958,0.03031494722505958,,
training_seed,R1,reconstruction,2028,3,pairwise_common_clean_correct,-19.0,0.015173524976895761,0.015173524976895761,,
training_seed,R1,reconstruction,2028,3,pairwise_common_clean_correct,-18.0,0.00947006177343256,0.00947006177343256,,
training_seed,R1,reconstruction,2028,3,pairwise_common_clean_correct,-17.0,0.0037665985699693563,0.0037665985699693563,,
training_seed,R1,reconstruction,2028,3,pairwise_common_clean_correct,-16.0,0.0037665985699693563,0.0037665985699693563,,
training_seed,R1,reconstruction,2028,3,pairwise_common_clean_correct,-15.0,0.0018726591760299626,0.0018726591760299626,,
training_seed,R1,reconstruction,2028,3,pairwise_common_clean_correct,-14.0,0.0018726591760299626,0.0018726591760299626,,
training_seed,R1,reconstruction,2028,3,pairwise_common_clean_correct,-13.0,0.0,0.0,,
training_seed,R1,reconstruction,2028,3,pairwise_common_clean_correct,-12.0,0.0,0.0,,
training_seed,R1,reconstruction,2028,3,pairwise_common_clean_correct,-11.0,0.0,0.0,,
training_seed,R1,reconstruction,2028,3,pairwise_common_clean_correct,-10.0,0.0,0.0,,
training_seed,R1,reconstruction,2028,3,pairwise_common_clean_correct,-9.0,0.0,0.0,,
training_seed,R1,reconstruction,2028,3,pairwise_common_clean_correct,-8.0,0.0,0.0,,
training_seed,R1,reconstruction,2028,3,pairwise_common_clean_correct,-7.0,0.0,0.0,,
training_seed,R1,reconstruction,2028,3,pairwise_common_clean_correct,-6.0,0.0,0.0,,
training_seed,R1,reconstruction,2028,3,pairwise_common_clean_correct,-5.0,0.0,0.0,,
training_seed,R1,reconstruction,2028,3,pairwise_common_clean_correct,-4.0,0.0,0.0,,
training_seed,R1,reconstruction,2028,3,pairwise_common_clean_correct,-3.0,0.0,0.0,,
training_seed,R1,reconstruction,2028,3,pairwise_common_clean_correct,-2.0,0.0,0.0,,
training_seed,R1,reconstruction,2028,3,pairwise_common_clean_correct,-1.0,0.0,0.0,,
training_seed,R1,reconstruction,2028,3,pairwise_common_clean_correct,0.0,0.0,0.0,,
training_seed,R1,reconstruction,2028,3,four_cell_common_clean_correct,-40.0,0.9277711845422786,0.9277711845422786,,
training_seed,R1,reconstruction,2028,3,four_cell_common_clean_correct,-39.0,0.8780728052072262,0.8780728052072262,,
training_seed,R1,reconstruction,2028,3,four_cell_common_clean_correct,-38.0,0.8780728052072262,0.8780728052072262,,
training_seed,R1,reconstruction,2028,3,four_cell_common_clean_correct,-37.0,0.8717235988580199,0.8717235988580199,,
training_seed,R1,reconstruction,2028,3,four_cell_common_clean_correct,-36.0,0.8321959604914264,0.8321959604914264,,
training_seed,R1,reconstruction,2028,3,four_cell_common_clean_correct,-35.0,0.7892935387880838,0.7892935387880838,,
training_seed,R1,reconstruction,2028,3,four_cell_common_clean_correct,-34.0,0.7792460833798037,0.7792460833798037,,
training_seed,R1,reconstruction,2028,3,four_cell_common_clean_correct,-33.0,0.7066169075977905,0.7066169075977905,,
training_seed,R1,reconstruction,2028,3,four_cell_common_clean_correct,-32.0,0.670864412892238,0.670864412892238,,
training_seed,R1,reconstruction,2028,3,four_cell_common_clean_correct,-31.0,0.6223518627081835,0.6223518627081835,,
training_seed,R1,reconstruction,2028,3,four_cell_common_clean_correct,-30.0,0.5631449256711992,0.5631449256711992,,
training_seed,R1,reconstruction,2028,3,four_cell_common_clean_correct,-29.0,0.4845669038642715,0.4845669038642715,,
training_seed,R1,reconstruction,2028,3,four_cell_common_clean_correct,-28.0,0.4417413767628961,0.4417413767628961,,
training_seed,R1,reconstruction,2028,3,four_cell_common_clean_correct,-27.0,0.37610833877473854,0.37610833877473854,,
training_seed,R1,reconstruction,2028,3,four_cell_common_clean_correct,-26.0,0.29125800522057155,0.29125800522057155,,
training_seed,R1,reconstruction,2028,3,four_cell_common_clean_correct,-25.0,0.25186890423603464,0.25186890423603464,,
training_seed,R1,reconstruction,2028,3,four_cell_common_clean_correct,-24.0,0.22160325245101542,0.22160325245101542,,
training_seed,R1,reconstruction,2028,3,four_cell_common_clean_correct,-23.0,0.14129827956271757,0.14129827956271757,,
training_seed,R1,reconstruction,2028,3,four_cell_common_clean_correct,-22.0,0.12134190612821381,0.12134190612821381,,
training_seed,R1,reconstruction,2028,3,four_cell_common_clean_correct,-21.0,0.08565105420275072,0.08565105420275072,,
training_seed,R1,reconstruction,2028,3,four_cell_common_clean_correct,-20.0,0.03945074376462626,0.03945074376462626,,
training_seed,R1,reconstruction,2028,3,four_cell_common_clean_correct,-19.0,0.02319261938919631,0.02319261938919631,,
training_seed,R1,reconstruction,2028,3,four_cell_common_clean_correct,-18.0,0.013283701362972708,0.013283701362972708,,
training_seed,R1,reconstruction,2028,3,four_cell_common_clean_correct,-17.0,0.0066110292914416625,0.0066110292914416625,,
training_seed,R1,reconstruction,2028,3,four_cell_common_clean_correct,-16.0,0.0066110292914416625,0.0066110292914416625,,
training_seed,R1,reconstruction,2028,3,four_cell_common_clean_correct,-15.0,0.003174603174603175,0.003174603174603175,,
training_seed,R1,reconstruction,2028,3,four_cell_common_clean_correct,-14.0,0.003174603174603175,0.003174603174603175,,
training_seed,R1,reconstruction,2028,3,four_cell_common_clean_correct,-13.0,0.0,0.0,,
training_seed,R1,reconstruction,2028,3,four_cell_common_clean_correct,-12.0,0.0,0.0,,
training_seed,R1,reconstruction,2028,3,four_cell_common_clean_correct,-11.0,0.0,0.0,,
training_seed,R1,reconstruction,2028,3,four_cell_common_clean_correct,-10.0,0.0,0.0,,
training_seed,R1,reconstruction,2028,3,four_cell_common_clean_correct,-9.0,0.0,0.0,,
training_seed,R1,reconstruction,2028,3,four_cell_common_clean_correct,-8.0,0.0,0.0,,
training_seed,R1,reconstruction,2028,3,four_cell_common_clean_correct,-7.0,0.0,0.0,,
training_seed,R1,reconstruction,2028,3,four_cell_common_clean_correct,-6.0,0.0,0.0,,
training_seed,R1,reconstruction,2028,3,four_cell_common_clean_correct,-5.0,0.0,0.0,,
training_seed,R1,reconstruction,2028,3,four_cell_common_clean_correct,-4.0,0.0,0.0,,
training_seed,R1,reconstruction,2028,3,four_cell_common_clean_correct,-3.0,0.0,0.0,,
training_seed,R1,reconstruction,2028,3,four_cell_common_clean_correct,-2.0,0.0,0.0,,
training_seed,R1,reconstruction,2028,3,four_cell_common_clean_correct,-1.0,0.0,0.0,,
training_seed,R1,reconstruction,2028,3,four_cell_common_clean_correct,0.0,0.0,0.0,,
training_seed,C0,classification,2026,3,all,-40.0,0.449,0.449,,
training_seed,C0,classification,2026,3,all,-39.0,0.39666666666666667,0.39666666666666667,,
training_seed,C0,classification,2026,3,all,-38.0,0.39666666666666667,0.39666666666666667,,
training_seed,C0,classification,2026,3,all,-37.0,0.39399999999999996,0.39399999999999996,,
training_seed,C0,classification,2026,3,all,-36.0,0.341,0.341,,
training_seed,C0,classification,2026,3,all,-35.0,0.3383333333333333,0.3383333333333333,,
training_seed,C0,classification,2026,3,all,-34.0,0.296,0.296,,
training_seed,C0,classification,2026,3,all,-33.0,0.25633333333333336,0.25633333333333336,,
training_seed,C0,classification,2026,3,all,-32.0,0.24766666666666667,0.24766666666666667,,
training_seed,C0,classification,2026,3,all,-31.0,0.21666666666666667,0.21666666666666667,,
training_seed,C0,classification,2026,3,all,-30.0,0.18233333333333332,0.18233333333333332,,
training_seed,C0,classification,2026,3,all,-29.0,0.14733333333333332,0.14733333333333332,,
training_seed,C0,classification,2026,3,all,-28.0,0.09500000000000001,0.09500000000000001,,
training_seed,C0,classification,2026,3,all,-27.0,0.07866666666666666,0.07866666666666666,,
training_seed,C0,classification,2026,3,all,-26.0,0.06233333333333333,0.06233333333333333,,
training_seed,C0,classification,2026,3,all,-25.0,0.042333333333333334,0.042333333333333334,,
training_seed,C0,classification,2026,3,all,-24.0,0.024999999999999998,0.024999999999999998,,
training_seed,C0,classification,2026,3,all,-23.0,0.011999999999999999,0.011999999999999999,,
training_seed,C0,classification,2026,3,all,-22.0,0.005333333333333333,0.005333333333333333,,
training_seed,C0,classification,2026,3,all,-21.0,0.0030000000000000005,0.0030000000000000005,,
training_seed,C0,classification,2026,3,all,-20.0,0.0013333333333333333,0.0013333333333333333,,
training_seed,C0,classification,2026,3,all,-19.0,0.0,0.0,,
training_seed,C0,classification,2026,3,all,-18.0,0.0,0.0,,
training_seed,C0,classification,2026,3,all,-17.0,0.0,0.0,,
training_seed,C0,classification,2026,3,all,-16.0,0.0,0.0,,
training_seed,C0,classification,2026,3,all,-15.0,0.0,0.0,,
training_seed,C0,classification,2026,3,all,-14.0,0.0,0.0,,
training_seed,C0,classification,2026,3,all,-13.0,0.0,0.0,,
training_seed,C0,classification,2026,3,all,-12.0,0.0,0.0,,
training_seed,C0,classification,2026,3,all,-11.0,0.0,0.0,,
training_seed,C0,classification,2026,3,all,-10.0,0.0,0.0,,
training_seed,C0,classification,2026,3,all,-9.0,0.0,0.0,,
training_seed,C0,classification,2026,3,all,-8.0,0.0,0.0,,
training_seed,C0,classification,2026,3,all,-7.0,0.0,0.0,,
training_seed,C0,classification,2026,3,all,-6.0,0.0,0.0,,
training_seed,C0,classification,2026,3,all,-5.0,0.0,0.0,,
training_seed,C0,classification,2026,3,all,-4.0,0.0,0.0,,
training_seed,C0,classification,2026,3,all,-3.0,0.0,0.0,,
training_seed,C0,classification,2026,3,all,-2.0,0.0,0.0,,
training_seed,C0,classification,2026,3,all,-1.0,0.0,0.0,,
training_seed,C0,classification,2026,3,all,0.0,0.0,0.0,,
training_seed,C0,classification,2026,3,pairwise_common_clean_correct,-40.0,0.8459500396063886,0.8459500396063886,,
training_seed,C0,classification,2026,3,pairwise_common_clean_correct,-39.0,0.7688613411816956,0.7688613411816956,,
training_seed,C0,classification,2026,3,pairwise_common_clean_correct,-38.0,0.7688613411816956,0.7688613411816956,,
training_seed,C0,classification,2026,3,pairwise_common_clean_correct,-37.0,0.7643649389001025,0.7643649389001025,,
training_seed,C0,classification,2026,3,pairwise_common_clean_correct,-36.0,0.6737507415840568,0.6737507415840568,,
training_seed,C0,classification,2026,3,pairwise_common_clean_correct,-35.0,0.6677576652448138,0.6677576652448138,,
training_seed,C0,classification,2026,3,pairwise_common_clean_correct,-34.0,0.5931086540787952,0.5931086540787952,,
training_seed,C0,classification,2026,3,pairwise_common_clean_correct,-33.0,0.5220627471256367,0.5220627471256367,,
training_seed,C0,classification,2026,3,pairwise_common_clean_correct,-32.0,0.5070711489829941,0.5070711489829941,,
training_seed,C0,classification,2026,3,pairwise_common_clean_correct,-31.0,0.44807892442968456,0.44807892442968456,,
training_seed,C0,classification,2026,3,pairwise_common_clean_correct,-30.0,0.37924012077462804,0.37924012077462804,,
training_seed,C0,classification,2026,3,pairwise_common_clean_correct,-29.0,0.30815469029129755,0.30815469029129755,,
training_seed,C0,classification,2026,3,pairwise_common_clean_correct,-28.0,0.20495668154806293,0.20495668154806293,,
training_seed,C0,classification,2026,3,pairwise_common_clean_correct,-27.0,0.1705917592196713,0.1705917592196713,,
training_seed,C0,classification,2026,3,pairwise_common_clean_correct,-26.0,0.13616693015686782,0.13616693015686782,,
training_seed,C0,classification,2026,3,pairwise_common_clean_correct,-25.0,0.09267157520739495,0.09267157520739495,,
training_seed,C0,classification,2026,3,pairwise_common_clean_correct,-24.0,0.056105929689545565,0.056105929689545565,,
training_seed,C0,classification,2026,3,pairwise_common_clean_correct,-23.0,0.02694527026803085,0.02694527026803085,,
training_seed,C0,classification,2026,3,pairwise_common_clean_correct,-22.0,0.01197596107636576,0.01197596107636576,,
training_seed,C0,classification,2026,3,pairwise_common_clean_correct,-21.0,0.006721983037196862,0.006721983037196862,,
training_seed,C0,classification,2026,3,pairwise_common_clean_correct,-20.0,0.0029997282239434702,0.0029997282239434702,,
training_seed,C0,classification,2026,3,pairwise_common_clean_correct,-19.0,0.0,0.0,,
training_seed,C0,classification,2026,3,pairwise_common_clean_correct,-18.0,0.0,0.0,,
training_seed,C0,classification,2026,3,pairwise_common_clean_correct,-17.0,0.0,0.0,,
training_seed,C0,classification,2026,3,pairwise_common_clean_correct,-16.0,0.0,0.0,,
training_seed,C0,classification,2026,3,pairwise_common_clean_correct,-15.0,0.0,0.0,,
training_seed,C0,classification,2026,3,pairwise_common_clean_correct,-14.0,0.0,0.0,,
training_seed,C0,classification,2026,3,pairwise_common_clean_correct,-13.0,0.0,0.0,,
training_seed,C0,classification,2026,3,pairwise_common_clean_correct,-12.0,0.0,0.0,,
training_seed,C0,classification,2026,3,pairwise_common_clean_correct,-11.0,0.0,0.0,,
training_seed,C0,classification,2026,3,pairwise_common_clean_correct,-10.0,0.0,0.0,,
training_seed,C0,classification,2026,3,pairwise_common_clean_correct,-9.0,0.0,0.0,,
training_seed,C0,classification,2026,3,pairwise_common_clean_correct,-8.0,0.0,0.0,,
training_seed,C0,classification,2026,3,pairwise_common_clean_correct,-7.0,0.0,0.0,,
training_seed,C0,classification,2026,3,pairwise_common_clean_correct,-6.0,0.0,0.0,,
training_seed,C0,classification,2026,3,pairwise_common_clean_correct,-5.0,0.0,0.0,,
training_seed,C0,classification,2026,3,pairwise_common_clean_correct,-4.0,0.0,0.0,,
training_seed,C0,classification,2026,3,pairwise_common_clean_correct,-3.0,0.0,0.0,,
training_seed,C0,classification,2026,3,pairwise_common_clean_correct,-2.0,0.0,0.0,,
training_seed,C0,classification,2026,3,pairwise_common_clean_correct,-1.0,0.0,0.0,,
training_seed,C0,classification,2026,3,pairwise_common_clean_correct,0.0,0.0,0.0,,
training_seed,C0,classification,2026,3,four_cell_common_clean_correct,-40.0,0.8472016571693514,0.8472016571693514,,
training_seed,C0,classification,2026,3,four_cell_common_clean_correct,-39.0,0.799943165672066,0.799943165672066,,
training_seed,C0,classification,2026,3,four_cell_common_clean_correct,-38.0,0.799943165672066,0.799943165672066,,
training_seed,C0,classification,2026,3,four_cell_common_clean_correct,-37.0,0.7907262828853892,0.7907262828853892,,
training_seed,C0,classification,2026,3,four_cell_common_clean_correct,-36.0,0.6957643469287028,0.6957643469287028,,
training_seed,C0,classification,2026,3,four_cell_common_clean_correct,-35.0,0.686031468269993,0.686031468269993,,
training_seed,C0,classification,2026,3,four_cell_common_clean_correct,-34.0,0.6299300040382286,0.6299300040382286,,
training_seed,C0,classification,2026,3,four_cell_common_clean_correct,-33.0,0.546106848536516,0.546106848536516,,
training_seed,C0,classification,2026,3,four_cell_common_clean_correct,-32.0,0.5316140949133277,0.5316140949133277,,
training_seed,C0,classification,2026,3,four_cell_common_clean_correct,-31.0,0.4704685840774143,0.4704685840774143,,
training_seed,C0,classification,2026,3,four_cell_common_clean_correct,-30.0,0.3906574834357847,0.3906574834357847,,
training_seed,C0,classification,2026,3,four_cell_common_clean_correct,-29.0,0.3205792614528649,0.3205792614528649,,
training_seed,C0,classification,2026,3,four_cell_common_clean_correct,-28.0,0.193135759261752,0.193135759261752,,
training_seed,C0,classification,2026,3,four_cell_common_clean_correct,-27.0,0.15479128340886314,0.15479128340886314,,
training_seed,C0,classification,2026,3,four_cell_common_clean_correct,-26.0,0.10797774487369317,0.10797774487369317,,
training_seed,C0,classification,2026,3,four_cell_common_clean_correct,-25.0,0.06658216299486996,0.06658216299486996,,
training_seed,C0,classification,2026,3,four_cell_common_clean_correct,-24.0,0.02340676926758499,0.02340676926758499,,
training_seed,C0,classification,2026,3,four_cell_common_clean_correct,-23.0,0.009287925696594427,0.009287925696594427,,
training_seed,C0,classification,2026,3,four_cell_common_clean_correct,-22.0,0.0,0.0,,
training_seed,C0,classification,2026,3,four_cell_common_clean_correct,-21.0,0.0,0.0,,
training_seed,C0,classification,2026,3,four_cell_common_clean_correct,-20.0,0.0,0.0,,
training_seed,C0,classification,2026,3,four_cell_common_clean_correct,-19.0,0.0,0.0,,
training_seed,C0,classification,2026,3,four_cell_common_clean_correct,-18.0,0.0,0.0,,
training_seed,C0,classification,2026,3,four_cell_common_clean_correct,-17.0,0.0,0.0,,
training_seed,C0,classification,2026,3,four_cell_common_clean_correct,-16.0,0.0,0.0,,
training_seed,C0,classification,2026,3,four_cell_common_clean_correct,-15.0,0.0,0.0,,
training_seed,C0,classification,2026,3,four_cell_common_clean_correct,-14.0,0.0,0.0,,
training_seed,C0,classification,2026,3,four_cell_common_clean_correct,-13.0,0.0,0.0,,
training_seed,C0,classification,2026,3,four_cell_common_clean_correct,-12.0,0.0,0.0,,
training_seed,C0,classification,2026,3,four_cell_common_clean_correct,-11.0,0.0,0.0,,
training_seed,C0,classification,2026,3,four_cell_common_clean_correct,-10.0,0.0,0.0,,
training_seed,C0,classification,2026,3,four_cell_common_clean_correct,-9.0,0.0,0.0,,
training_seed,C0,classification,2026,3,four_cell_common_clean_correct,-8.0,0.0,0.0,,
training_seed,C0,classification,2026,3,four_cell_common_clean_correct,-7.0,0.0,0.0,,
training_seed,C0,classification,2026,3,four_cell_common_clean_correct,-6.0,0.0,0.0,,
training_seed,C0,classification,2026,3,four_cell_common_clean_correct,-5.0,0.0,0.0,,
training_seed,C0,classification,2026,3,four_cell_common_clean_correct,-4.0,0.0,0.0,,
training_seed,C0,classification,2026,3,four_cell_common_clean_correct,-3.0,0.0,0.0,,
training_seed,C0,classification,2026,3,four_cell_common_clean_correct,-2.0,0.0,0.0,,
training_seed,C0,classification,2026,3,four_cell_common_clean_correct,-1.0,0.0,0.0,,
training_seed,C0,classification,2026,3,four_cell_common_clean_correct,0.0,0.0,0.0,,
training_seed,C0,classification,2027,3,all,-40.0,0.4956666666666667,0.4956666666666667,,
training_seed,C0,classification,2027,3,all,-39.0,0.447,0.447,,
training_seed,C0,classification,2027,3,all,-38.0,0.447,0.447,,
training_seed,C0,classification,2027,3,all,-37.0,0.44533333333333336,0.44533333333333336,,
training_seed,C0,classification,2027,3,all,-36.0,0.41033333333333327,0.41033333333333327,,
training_seed,C0,classification,2027,3,all,-35.0,0.4083333333333334,0.4083333333333334,,
training_seed,C0,classification,2027,3,all,-34.0,0.36999999999999994,0.36999999999999994,,
training_seed,C0,classification,2027,3,all,-33.0,0.3353333333333333,0.3353333333333333,,
training_seed,C0,classification,2027,3,all,-32.0,0.3276666666666667,0.3276666666666667,,
training_seed,C0,classification,2027,3,all,-31.0,0.29233333333333333,0.29233333333333333,,
training_seed,C0,classification,2027,3,all,-30.0,0.25233333333333335,0.25233333333333335,,
training_seed,C0,classification,2027,3,all,-29.0,0.21833333333333335,0.21833333333333335,,
training_seed,C0,classification,2027,3,all,-28.0,0.16433333333333333,0.16433333333333333,,
training_seed,C0,classification,2027,3,all,-27.0,0.13633333333333333,0.13633333333333333,,
training_seed,C0,classification,2027,3,all,-26.0,0.10733333333333334,0.10733333333333334,,
training_seed,C0,classification,2027,3,all,-25.0,0.074,0.074,,
training_seed,C0,classification,2027,3,all,-24.0,0.04766666666666667,0.04766666666666667,,
training_seed,C0,classification,2027,3,all,-23.0,0.031,0.031,,
training_seed,C0,classification,2027,3,all,-22.0,0.01933333333333333,0.01933333333333333,,
training_seed,C0,classification,2027,3,all,-21.0,0.01,0.01,,
training_seed,C0,classification,2027,3,all,-20.0,0.004333333333333334,0.004333333333333334,,
training_seed,C0,classification,2027,3,all,-19.0,0.0006666666666666666,0.0006666666666666666,,
training_seed,C0,classification,2027,3,all,-18.0,0.0,0.0,,
training_seed,C0,classification,2027,3,all,-17.0,0.0,0.0,,
training_seed,C0,classification,2027,3,all,-16.0,0.0,0.0,,
training_seed,C0,classification,2027,3,all,-15.0,0.0,0.0,,
training_seed,C0,classification,2027,3,all,-14.0,0.0,0.0,,
training_seed,C0,classification,2027,3,all,-13.0,0.0,0.0,,
training_seed,C0,classification,2027,3,all,-12.0,0.0,0.0,,
training_seed,C0,classification,2027,3,all,-11.0,0.0,0.0,,
training_seed,C0,classification,2027,3,all,-10.0,0.0,0.0,,
training_seed,C0,classification,2027,3,all,-9.0,0.0,0.0,,
training_seed,C0,classification,2027,3,all,-8.0,0.0,0.0,,
training_seed,C0,classification,2027,3,all,-7.0,0.0,0.0,,
training_seed,C0,classification,2027,3,all,-6.0,0.0,0.0,,
training_seed,C0,classification,2027,3,all,-5.0,0.0,0.0,,
training_seed,C0,classification,2027,3,all,-4.0,0.0,0.0,,
training_seed,C0,classification,2027,3,all,-3.0,0.0,0.0,,
training_seed,C0,classification,2027,3,all,-2.0,0.0,0.0,,
training_seed,C0,classification,2027,3,all,-1.0,0.0,0.0,,
training_seed,C0,classification,2027,3,all,0.0,0.0,0.0,,
training_seed,C0,classification,2027,3,pairwise_common_clean_correct,-40.0,0.8725574412801714,0.8725574412801714,,
training_seed,C0,classification,2027,3,pairwise_common_clean_correct,-39.0,0.8030663690042953,0.8030663690042953,,
training_seed,C0,classification,2027,3,pairwise_common_clean_correct,-38.0,0.8030663690042953,0.8030663690042953,,
training_seed,C0,classification,2027,3,pairwise_common_clean_correct,-37.0,0.799699310335351,0.799699310335351,,
training_seed,C0,classification,2027,3,pairwise_common_clean_correct,-36.0,0.7463456007416652,0.7463456007416652,,
training_seed,C0,classification,2027,3,pairwise_common_clean_correct,-35.0,0.742304416455937,0.742304416455937,,
training_seed,C0,classification,2027,3,pairwise_common_clean_correct,-34.0,0.6827996655377654,0.6827996655377654,,
training_seed,C0,classification,2027,3,pairwise_common_clean_correct,-33.0,0.6218285345366931,0.6218285345366931,,
training_seed,C0,classification,2027,3,pairwise_common_clean_correct,-32.0,0.6091799287877558,0.6091799287877558,,
training_seed,C0,classification,2027,3,pairwise_common_clean_correct,-31.0,0.5503376988620383,0.5503376988620383,,
training_seed,C0,classification,2027,3,pairwise_common_clean_correct,-30.0,0.48008710338700444,0.48008710338700444,,
training_seed,C0,classification,2027,3,pairwise_common_clean_correct,-29.0,0.4180364095356733,0.4180364095356733,,
training_seed,C0,classification,2027,3,pairwise_common_clean_correct,-28.0,0.3191405879304177,0.3191405879304177,,
training_seed,C0,classification,2027,3,pairwise_common_clean_correct,-27.0,0.26507585624092617,0.26507585624092617,,
training_seed,C0,classification,2027,3,pairwise_common_clean_correct,-26.0,0.21034384254983118,0.21034384254983118,,
training_seed,C0,classification,2027,3,pairwise_common_clean_correct,-25.0,0.1455154138610528,0.1455154138610528,,
training_seed,C0,classification,2027,3,pairwise_common_clean_correct,-24.0,0.0941757506935937,0.0941757506935937,,
training_seed,C0,classification,2027,3,pairwise_common_clean_correct,-23.0,0.06146821363501492,0.06146821363501492,,
training_seed,C0,classification,2027,3,pairwise_common_clean_correct,-22.0,0.03812286022965347,0.03812286022965347,,
training_seed,C0,classification,2027,3,pairwise_common_clean_correct,-21.0,0.020065774924822217,0.020065774924822217,,
training_seed,C0,classification,2027,3,pairwise_common_clean_correct,-20.0,0.0087038278728262,0.0087038278728262,,
training_seed,C0,classification,2027,3,pairwise_common_clean_correct,-19.0,0.0013256377819945181,0.0013256377819945181,,
training_seed,C0,classification,2027,3,pairwise_common_clean_correct,-18.0,0.0,0.0,,
training_seed,C0,classification,2027,3,pairwise_common_clean_correct,-17.0,0.0,0.0,,
training_seed,C0,classification,2027,3,pairwise_common_clean_correct,-16.0,0.0,0.0,,
training_seed,C0,classification,2027,3,pairwise_common_clean_correct,-15.0,0.0,0.0,,
training_seed,C0,classification,2027,3,pairwise_common_clean_correct,-14.0,0.0,0.0,,
training_seed,C0,classification,2027,3,pairwise_common_clean_correct,-13.0,0.0,0.0,,
training_seed,C0,classification,2027,3,pairwise_common_clean_correct,-12.0,0.0,0.0,,
training_seed,C0,classification,2027,3,pairwise_common_clean_correct,-11.0,0.0,0.0,,
training_seed,C0,classification,2027,3,pairwise_common_clean_correct,-10.0,0.0,0.0,,
training_seed,C0,classification,2027,3,pairwise_common_clean_correct,-9.0,0.0,0.0,,
training_seed,C0,classification,2027,3,pairwise_common_clean_correct,-8.0,0.0,0.0,,
training_seed,C0,classification,2027,3,pairwise_common_clean_correct,-7.0,0.0,0.0,,
training_seed,C0,classification,2027,3,pairwise_common_clean_correct,-6.0,0.0,0.0,,
training_seed,C0,classification,2027,3,pairwise_common_clean_correct,-5.0,0.0,0.0,,
training_seed,C0,classification,2027,3,pairwise_common_clean_correct,-4.0,0.0,0.0,,
training_seed,C0,classification,2027,3,pairwise_common_clean_correct,-3.0,0.0,0.0,,
training_seed,C0,classification,2027,3,pairwise_common_clean_correct,-2.0,0.0,0.0,,
training_seed,C0,classification,2027,3,pairwise_common_clean_correct,-1.0,0.0,0.0,,
training_seed,C0,classification,2027,3,pairwise_common_clean_correct,0.0,0.0,0.0,,
training_seed,C0,classification,2027,3,four_cell_common_clean_correct,-40.0,0.9107410503257047,0.9107410503257047,,
training_seed,C0,classification,2027,3,four_cell_common_clean_correct,-39.0,0.8423574681501124,0.8423574681501124,,
training_seed,C0,classification,2027,3,four_cell_common_clean_correct,-38.0,0.8423574681501124,0.8423574681501124,,
training_seed,C0,classification,2027,3,four_cell_common_clean_correct,-37.0,0.8383414038930844,0.8383414038930844,,
training_seed,C0,classification,2027,3,four_cell_common_clean_correct,-36.0,0.7706932995138448,0.7706932995138448,,
training_seed,C0,classification,2027,3,four_cell_common_clean_correct,-35.0,0.7666772352568167,0.7666772352568167,,
training_seed,C0,classification,2027,3,four_cell_common_clean_correct,-34.0,0.6941003247439519,0.6941003247439519,,
training_seed,C0,classification,2027,3,four_cell_common_clean_correct,-33.0,0.6135335600776312,0.6135335600776312,,
training_seed,C0,classification,2027,3,four_cell_common_clean_correct,-32.0,0.5876275436674928,0.5876275436674928,,
training_seed,C0,classification,2027,3,four_cell_common_clean_correct,-31.0,0.548430564362714,0.548430564362714,,
training_seed,C0,classification,2027,3,four_cell_common_clean_correct,-30.0,0.4853567379566111,0.4853567379566111,,
training_seed,C0,classification,2027,3,four_cell_common_clean_correct,-29.0,0.43654618473895584,0.43654618473895584,,
training_seed,C0,classification,2027,3,four_cell_common_clean_correct,-28.0,0.33869689283449594,0.33869689283449594,,
training_seed,C0,classification,2027,3,four_cell_common_clean_correct,-27.0,0.25655732979765955,0.25655732979765955,,
training_seed,C0,classification,2027,3,four_cell_common_clean_correct,-26.0,0.21024096385542168,0.21024096385542168,,
training_seed,C0,classification,2027,3,four_cell_common_clean_correct,-25.0,0.12319709459848965,0.12319709459848965,,
training_seed,C0,classification,2027,3,four_cell_common_clean_correct,-24.0,0.08246959128379545,0.08246959128379545,,
training_seed,C0,classification,2027,3,four_cell_common_clean_correct,-23.0,0.03744691685401894,0.03744691685401894,,
training_seed,C0,classification,2027,3,four_cell_common_clean_correct,-22.0,0.026362387348436808,0.026362387348436808,,
training_seed,C0,classification,2027,3,four_cell_common_clean_correct,-21.0,0.018837551161584132,0.018837551161584132,,
training_seed,C0,classification,2027,3,four_cell_common_clean_correct,-20.0,0.011033608116677236,0.011033608116677236,,
training_seed,C0,classification,2027,3,four_cell_common_clean_correct,-19.0,0.0,0.0,,
training_seed,C0,classification,2027,3,four_cell_common_clean_correct,-18.0,0.0,0.0,,
training_seed,C0,classification,2027,3,four_cell_common_clean_correct,-17.0,0.0,0.0,,
training_seed,C0,classification,2027,3,four_cell_common_clean_correct,-16.0,0.0,0.0,,
training_seed,C0,classification,2027,3,four_cell_common_clean_correct,-15.0,0.0,0.0,,
training_seed,C0,classification,2027,3,four_cell_common_clean_correct,-14.0,0.0,0.0,,
training_seed,C0,classification,2027,3,four_cell_common_clean_correct,-13.0,0.0,0.0,,
training_seed,C0,classification,2027,3,four_cell_common_clean_correct,-12.0,0.0,0.0,,
training_seed,C0,classification,2027,3,four_cell_common_clean_correct,-11.0,0.0,0.0,,
training_seed,C0,classification,2027,3,four_cell_common_clean_correct,-10.0,0.0,0.0,,
training_seed,C0,classification,2027,3,four_cell_common_clean_correct,-9.0,0.0,0.0,,
training_seed,C0,classification,2027,3,four_cell_common_clean_correct,-8.0,0.0,0.0,,
training_seed,C0,classification,2027,3,four_cell_common_clean_correct,-7.0,0.0,0.0,,
training_seed,C0,classification,2027,3,four_cell_common_clean_correct,-6.0,0.0,0.0,,
training_seed,C0,classification,2027,3,four_cell_common_clean_correct,-5.0,0.0,0.0,,
training_seed,C0,classification,2027,3,four_cell_common_clean_correct,-4.0,0.0,0.0,,
training_seed,C0,classification,2027,3,four_cell_common_clean_correct,-3.0,0.0,0.0,,
training_seed,C0,classification,2027,3,four_cell_common_clean_correct,-2.0,0.0,0.0,,
training_seed,C0,classification,2027,3,four_cell_common_clean_correct,-1.0,0.0,0.0,,
training_seed,C0,classification,2027,3,four_cell_common_clean_correct,0.0,0.0,0.0,,
training_seed,C0,classification,2028,3,all,-40.0,0.4963333333333333,0.4963333333333333,,
training_seed,C0,classification,2028,3,all,-39.0,0.45333333333333337,0.45333333333333337,,
training_seed,C0,classification,2028,3,all,-38.0,0.45333333333333337,0.45333333333333337,,
training_seed,C0,classification,2028,3,all,-37.0,0.453,0.453,,
training_seed,C0,classification,2028,3,all,-36.0,0.413,0.413,,
training_seed,C0,classification,2028,3,all,-35.0,0.41133333333333333,0.41133333333333333,,
training_seed,C0,classification,2028,3,all,-34.0,0.37333333333333335,0.37333333333333335,,
training_seed,C0,classification,2028,3,all,-33.0,0.33666666666666667,0.33666666666666667,,
training_seed,C0,classification,2028,3,all,-32.0,0.327,0.327,,
training_seed,C0,classification,2028,3,all,-31.0,0.296,0.296,,
training_seed,C0,classification,2028,3,all,-30.0,0.264,0.264,,
training_seed,C0,classification,2028,3,all,-29.0,0.22433333333333336,0.22433333333333336,,
training_seed,C0,classification,2028,3,all,-28.0,0.16966666666666666,0.16966666666666666,,
training_seed,C0,classification,2028,3,all,-27.0,0.1406666666666667,0.1406666666666667,,
training_seed,C0,classification,2028,3,all,-26.0,0.11166666666666665,0.11166666666666665,,
training_seed,C0,classification,2028,3,all,-25.0,0.076,0.076,,
training_seed,C0,classification,2028,3,all,-24.0,0.045000000000000005,0.045000000000000005,,
training_seed,C0,classification,2028,3,all,-23.0,0.025666666666666667,0.025666666666666667,,
training_seed,C0,classification,2028,3,all,-22.0,0.014,0.014,,
training_seed,C0,classification,2028,3,all,-21.0,0.007333333333333333,0.007333333333333333,,
training_seed,C0,classification,2028,3,all,-20.0,0.0026666666666666666,0.0026666666666666666,,
training_seed,C0,classification,2028,3,all,-19.0,0.0013333333333333333,0.0013333333333333333,,
training_seed,C0,classification,2028,3,all,-18.0,0.0006666666666666666,0.0006666666666666666,,
training_seed,C0,classification,2028,3,all,-17.0,0.0003333333333333333,0.0003333333333333333,,
training_seed,C0,classification,2028,3,all,-16.0,0.0,0.0,,
training_seed,C0,classification,2028,3,all,-15.0,0.0,0.0,,
training_seed,C0,classification,2028,3,all,-14.0,0.0,0.0,,
training_seed,C0,classification,2028,3,all,-13.0,0.0,0.0,,
training_seed,C0,classification,2028,3,all,-12.0,0.0,0.0,,
training_seed,C0,classification,2028,3,all,-11.0,0.0,0.0,,
training_seed,C0,classification,2028,3,all,-10.0,0.0,0.0,,
training_seed,C0,classification,2028,3,all,-9.0,0.0,0.0,,
training_seed,C0,classification,2028,3,all,-8.0,0.0,0.0,,
training_seed,C0,classification,2028,3,all,-7.0,0.0,0.0,,
training_seed,C0,classification,2028,3,all,-6.0,0.0,0.0,,
training_seed,C0,classification,2028,3,all,-5.0,0.0,0.0,,
training_seed,C0,classification,2028,3,all,-4.0,0.0,0.0,,
training_seed,C0,classification,2028,3,all,-3.0,0.0,0.0,,
training_seed,C0,classification,2028,3,all,-2.0,0.0,0.0,,
training_seed,C0,classification,2028,3,all,-1.0,0.0,0.0,,
training_seed,C0,classification,2028,3,all,0.0,0.0,0.0,,
training_seed,C0,classification,2028,3,pairwise_common_clean_correct,-40.0,0.8812893933470572,0.8812893933470572,,
training_seed,C0,classification,2028,3,pairwise_common_clean_correct,-39.0,0.8195490149146251,0.8195490149146251,,
training_seed,C0,classification,2028,3,pairwise_common_clean_correct,-38.0,0.8195490149146251,0.8195490149146251,,
training_seed,C0,classification,2028,3,pairwise_common_clean_correct,-37.0,0.8188728823926509,0.8188728823926509,,
training_seed,C0,classification,2028,3,pairwise_common_clean_correct,-36.0,0.7578210383809397,0.7578210383809397,,
training_seed,C0,classification,2028,3,pairwise_common_clean_correct,-35.0,0.7557829930202292,0.7557829930202292,,
training_seed,C0,classification,2028,3,pairwise_common_clean_correct,-34.0,0.6947297466637473,0.6947297466637473,,
training_seed,C0,classification,2028,3,pairwise_common_clean_correct,-33.0,0.6357104566666895,0.6357104566666895,,
training_seed,C0,classification,2028,3,pairwise_common_clean_correct,-32.0,0.6180634428081226,0.6180634428081226,,
training_seed,C0,classification,2028,3,pairwise_common_clean_correct,-31.0,0.563777046741163,0.563777046741163,,
training_seed,C0,classification,2028,3,pairwise_common_clean_correct,-30.0,0.5054311183002592,0.5054311183002592,,
training_seed,C0,classification,2028,3,pairwise_common_clean_correct,-29.0,0.434880319147815,0.434880319147815,,
training_seed,C0,classification,2028,3,pairwise_common_clean_correct,-28.0,0.333761559964951,0.333761559964951,,
training_seed,C0,classification,2028,3,pairwise_common_clean_correct,-27.0,0.2761069200487274,0.2761069200487274,,
training_seed,C0,classification,2028,3,pairwise_common_clean_correct,-26.0,0.21981280748832996,0.21981280748832996,,
training_seed,C0,classification,2028,3,pairwise_common_clean_correct,-25.0,0.15197071173437418,0.15197071173437418,,
training_seed,C0,classification,2028,3,pairwise_common_clean_correct,-24.0,0.09022894781903208,0.09022894781903208,,
training_seed,C0,classification,2028,3,pairwise_common_clean_correct,-23.0,0.05155844766447909,0.05155844766447909,,
training_seed,C0,classification,2028,3,pairwise_common_clean_correct,-22.0,0.028480307074722575,0.028480307074722575,,
training_seed,C0,classification,2028,3,pairwise_common_clean_correct,-21.0,0.01492455680214357,0.01492455680214357,,
training_seed,C0,classification,2028,3,pairwise_common_clean_correct,-20.0,0.005421478936402147,0.005421478936402147,,
training_seed,C0,classification,2028,3,pairwise_common_clean_correct,-19.0,0.0027169488485049194,0.0027169488485049194,,
training_seed,C0,classification,2028,3,pairwise_common_clean_correct,-18.0,0.001360544217687075,0.001360544217687075,,
training_seed,C0,classification,2028,3,pairwise_common_clean_correct,-17.0,0.0006802721088435375,0.0006802721088435375,,
training_seed,C0,classification,2028,3,pairwise_common_clean_correct,-16.0,0.0,0.0,,
training_seed,C0,classification,2028,3,pairwise_common_clean_correct,-15.0,0.0,0.0,,
training_seed,C0,classification,2028,3,pairwise_common_clean_correct,-14.0,0.0,0.0,,
training_seed,C0,classification,2028,3,pairwise_common_clean_correct,-13.0,0.0,0.0,,
training_seed,C0,classification,2028,3,pairwise_common_clean_correct,-12.0,0.0,0.0,,
training_seed,C0,classification,2028,3,pairwise_common_clean_correct,-11.0,0.0,0.0,,
training_seed,C0,classification,2028,3,pairwise_common_clean_correct,-10.0,0.0,0.0,,
training_seed,C0,classification,2028,3,pairwise_common_clean_correct,-9.0,0.0,0.0,,
training_seed,C0,classification,2028,3,pairwise_common_clean_correct,-8.0,0.0,0.0,,
training_seed,C0,classification,2028,3,pairwise_common_clean_correct,-7.0,0.0,0.0,,
training_seed,C0,classification,2028,3,pairwise_common_clean_correct,-6.0,0.0,0.0,,
training_seed,C0,classification,2028,3,pairwise_common_clean_correct,-5.0,0.0,0.0,,
training_seed,C0,classification,2028,3,pairwise_common_clean_correct,-4.0,0.0,0.0,,
training_seed,C0,classification,2028,3,pairwise_common_clean_correct,-3.0,0.0,0.0,,
training_seed,C0,classification,2028,3,pairwise_common_clean_correct,-2.0,0.0,0.0,,
training_seed,C0,classification,2028,3,pairwise_common_clean_correct,-1.0,0.0,0.0,,
training_seed,C0,classification,2028,3,pairwise_common_clean_correct,0.0,0.0,0.0,,
training_seed,C0,classification,2028,3,four_cell_common_clean_correct,-40.0,0.9040396674467338,0.9040396674467338,,
training_seed,C0,classification,2028,3,four_cell_common_clean_correct,-39.0,0.8518288682036056,0.8518288682036056,,
training_seed,C0,classification,2028,3,four_cell_common_clean_correct,-38.0,0.8518288682036056,0.8518288682036056,,
training_seed,C0,classification,2028,3,four_cell_common_clean_correct,-37.0,0.8518288682036056,0.8518288682036056,,
training_seed,C0,classification,2028,3,four_cell_common_clean_correct,-36.0,0.8028543149151696,0.8028543149151696,,
training_seed,C0,classification,2028,3,four_cell_common_clean_correct,-35.0,0.7994178887983311,0.7994178887983311,,
training_seed,C0,classification,2028,3,four_cell_common_clean_correct,-34.0,0.7507051584521308,0.7507051584521308,,
training_seed,C0,classification,2028,3,four_cell_common_clean_correct,-33.0,0.6684136357642513,0.6684136357642513,,
training_seed,C0,classification,2028,3,four_cell_common_clean_correct,-32.0,0.648719085271983,0.648719085271983,,
training_seed,C0,classification,2028,3,four_cell_common_clean_correct,-31.0,0.5739009553042183,0.5739009553042183,,
training_seed,C0,classification,2028,3,four_cell_common_clean_correct,-30.0,0.5051702087434246,0.5051702087434246,,
training_seed,C0,classification,2028,3,four_cell_common_clean_correct,-29.0,0.44932280322131185,0.44932280322131185,,
training_seed,C0,classification,2028,3,four_cell_common_clean_correct,-28.0,0.36724671251745616,0.36724671251745616,,
training_seed,C0,classification,2028,3,four_cell_common_clean_correct,-27.0,0.29837742857460603,0.29837742857460603,,
training_seed,C0,classification,2028,3,four_cell_common_clean_correct,-26.0,0.2430072779787523,0.2430072779787523,,
training_seed,C0,classification,2028,3,four_cell_common_clean_correct,-25.0,0.14407252241302884,0.14407252241302884,,
training_seed,C0,classification,2028,3,four_cell_common_clean_correct,-24.0,0.06535596322404451,0.06535596322404451,,
training_seed,C0,classification,2028,3,four_cell_common_clean_correct,-23.0,0.04559976995168668,0.04559976995168668,,
training_seed,C0,classification,2028,3,four_cell_common_clean_correct,-22.0,0.026105399621564166,0.026105399621564166,,
training_seed,C0,classification,2028,3,four_cell_common_clean_correct,-21.0,0.019494370330122506,0.019494370330122506,,
training_seed,C0,classification,2028,3,four_cell_common_clean_correct,-20.0,0.009585452303898906,0.009585452303898906,,
training_seed,C0,classification,2028,3,four_cell_common_clean_correct,-19.0,0.006410849129295731,0.006410849129295731,,
training_seed,C0,classification,2028,3,four_cell_common_clean_correct,-18.0,0.0,0.0,,
training_seed,C0,classification,2028,3,four_cell_common_clean_correct,-17.0,0.0,0.0,,
training_seed,C0,classification,2028,3,four_cell_common_clean_correct,-16.0,0.0,0.0,,
training_seed,C0,classification,2028,3,four_cell_common_clean_correct,-15.0,0.0,0.0,,
training_seed,C0,classification,2028,3,four_cell_common_clean_correct,-14.0,0.0,0.0,,
training_seed,C0,classification,2028,3,four_cell_common_clean_correct,-13.0,0.0,0.0,,
training_seed,C0,classification,2028,3,four_cell_common_clean_correct,-12.0,0.0,0.0,,
training_seed,C0,classification,2028,3,four_cell_common_clean_correct,-11.0,0.0,0.0,,
training_seed,C0,classification,2028,3,four_cell_common_clean_correct,-10.0,0.0,0.0,,
training_seed,C0,classification,2028,3,four_cell_common_clean_correct,-9.0,0.0,0.0,,
training_seed,C0,classification,2028,3,four_cell_common_clean_correct,-8.0,0.0,0.0,,
training_seed,C0,classification,2028,3,four_cell_common_clean_correct,-7.0,0.0,0.0,,
training_seed,C0,classification,2028,3,four_cell_common_clean_correct,-6.0,0.0,0.0,,
training_seed,C0,classification,2028,3,four_cell_common_clean_correct,-5.0,0.0,0.0,,
training_seed,C0,classification,2028,3,four_cell_common_clean_correct,-4.0,0.0,0.0,,
training_seed,C0,classification,2028,3,four_cell_common_clean_correct,-3.0,0.0,0.0,,
training_seed,C0,classification,2028,3,four_cell_common_clean_correct,-2.0,0.0,0.0,,
training_seed,C0,classification,2028,3,four_cell_common_clean_correct,-1.0,0.0,0.0,,
training_seed,C0,classification,2028,3,four_cell_common_clean_correct,0.0,0.0,0.0,,
training_seed,C1,classification,2026,3,all,-40.0,0.5083333333333333,0.5083333333333333,,
training_seed,C1,classification,2026,3,all,-39.0,0.4736666666666667,0.4736666666666667,,
training_seed,C1,classification,2026,3,all,-38.0,0.4736666666666667,0.4736666666666667,,
training_seed,C1,classification,2026,3,all,-37.0,0.472,0.472,,
training_seed,C1,classification,2026,3,all,-36.0,0.43366666666666664,0.43366666666666664,,
training_seed,C1,classification,2026,3,all,-35.0,0.42966666666666664,0.42966666666666664,,
training_seed,C1,classification,2026,3,all,-34.0,0.401,0.401,,
training_seed,C1,classification,2026,3,all,-33.0,0.36999999999999994,0.36999999999999994,,
training_seed,C1,classification,2026,3,all,-32.0,0.36166666666666664,0.36166666666666664,,
training_seed,C1,classification,2026,3,all,-31.0,0.33899999999999997,0.33899999999999997,,
training_seed,C1,classification,2026,3,all,-30.0,0.30833333333333335,0.30833333333333335,,
training_seed,C1,classification,2026,3,all,-29.0,0.277,0.277,,
training_seed,C1,classification,2026,3,all,-28.0,0.228,0.228,,
training_seed,C1,classification,2026,3,all,-27.0,0.20666666666666667,0.20666666666666667,,
training_seed,C1,classification,2026,3,all,-26.0,0.17266666666666666,0.17266666666666666,,
training_seed,C1,classification,2026,3,all,-25.0,0.13733333333333334,0.13733333333333334,,
training_seed,C1,classification,2026,3,all,-24.0,0.10833333333333334,0.10833333333333334,,
training_seed,C1,classification,2026,3,all,-23.0,0.079,0.079,,
training_seed,C1,classification,2026,3,all,-22.0,0.04933333333333334,0.04933333333333334,,
training_seed,C1,classification,2026,3,all,-21.0,0.033,0.033,,
training_seed,C1,classification,2026,3,all,-20.0,0.015333333333333332,0.015333333333333332,,
training_seed,C1,classification,2026,3,all,-19.0,0.006666666666666667,0.006666666666666667,,
training_seed,C1,classification,2026,3,all,-18.0,0.002,0.002,,
training_seed,C1,classification,2026,3,all,-17.0,0.001,0.001,,
training_seed,C1,classification,2026,3,all,-16.0,0.0003333333333333333,0.0003333333333333333,,
training_seed,C1,classification,2026,3,all,-15.0,0.0,0.0,,
training_seed,C1,classification,2026,3,all,-14.0,0.0,0.0,,
training_seed,C1,classification,2026,3,all,-13.0,0.0,0.0,,
training_seed,C1,classification,2026,3,all,-12.0,0.0,0.0,,
training_seed,C1,classification,2026,3,all,-11.0,0.0,0.0,,
training_seed,C1,classification,2026,3,all,-10.0,0.0,0.0,,
training_seed,C1,classification,2026,3,all,-9.0,0.0,0.0,,
training_seed,C1,classification,2026,3,all,-8.0,0.0,0.0,,
training_seed,C1,classification,2026,3,all,-7.0,0.0,0.0,,
training_seed,C1,classification,2026,3,all,-6.0,0.0,0.0,,
training_seed,C1,classification,2026,3,all,-5.0,0.0,0.0,,
training_seed,C1,classification,2026,3,all,-4.0,0.0,0.0,,
training_seed,C1,classification,2026,3,all,-3.0,0.0,0.0,,
training_seed,C1,classification,2026,3,all,-2.0,0.0,0.0,,
training_seed,C1,classification,2026,3,all,-1.0,0.0,0.0,,
training_seed,C1,classification,2026,3,all,0.0,0.0,0.0,,
training_seed,C1,classification,2026,3,pairwise_common_clean_correct,-40.0,0.921482820107451,0.921482820107451,,
training_seed,C1,classification,2026,3,pairwise_common_clean_correct,-39.0,0.8729730311979026,0.8729730311979026,,
training_seed,C1,classification,2026,3,pairwise_common_clean_correct,-38.0,0.8729730311979026,0.8729730311979026,,
training_seed,C1,classification,2026,3,pairwise_common_clean_correct,-37.0,0.871476357140253,0.871476357140253,,
training_seed,C1,classification,2026,3,pairwise_common_clean_correct,-36.0,0.8213412148389727,0.8213412148389727,,
training_seed,C1,classification,2026,3,pairwise_common_clean_correct,-35.0,0.8161241917148074,0.8161241917148074,,
training_seed,C1,classification,2026,3,pairwise_common_clean_correct,-34.0,0.775663614157544,0.775663614157544,,
training_seed,C1,classification,2026,3,pairwise_common_clean_correct,-33.0,0.7271442965143065,0.7271442965143065,,
training_seed,C1,classification,2026,3,pairwise_common_clean_correct,-32.0,0.7121915590334053,0.7121915590334053,,
training_seed,C1,classification,2026,3,pairwise_common_clean_correct,-31.0,0.671781939486741,0.671781939486741,,
training_seed,C1,classification,2026,3,pairwise_common_clean_correct,-30.0,0.6186304972507531,0.6186304972507531,,
training_seed,C1,classification,2026,3,pairwise_common_clean_correct,-29.0,0.562383128009837,0.562383128009837,,
training_seed,C1,classification,2026,3,pairwise_common_clean_correct,-28.0,0.4682703111172979,0.4682703111172979,,
training_seed,C1,classification,2026,3,pairwise_common_clean_correct,-27.0,0.42867817406262115,0.42867817406262115,,
training_seed,C1,classification,2026,3,pairwise_common_clean_correct,-26.0,0.36057846870763854,0.36057846870763854,,
training_seed,C1,classification,2026,3,pairwise_common_clean_correct,-25.0,0.290207278958236,0.290207278958236,,
training_seed,C1,classification,2026,3,pairwise_common_clean_correct,-24.0,0.23265886470523897,0.23265886470523897,,
training_seed,C1,classification,2026,3,pairwise_common_clean_correct,-23.0,0.17283706031108415,0.17283706031108415,,
training_seed,C1,classification,2026,3,pairwise_common_clean_correct,-22.0,0.10770841412042331,0.10770841412042331,,
training_seed,C1,classification,2026,3,pairwise_common_clean_correct,-21.0,0.07266173161120115,0.07266173161120115,,
training_seed,C1,classification,2026,3,pairwise_common_clean_correct,-20.0,0.033706113966969264,0.033706113966969264,,
training_seed,C1,classification,2026,3,pairwise_common_clean_correct,-19.0,0.014184970121205493,0.014184970121205493,,
training_seed,C1,classification,2026,3,pairwise_common_clean_correct,-18.0,0.004498308028330997,0.004498308028330997,,
training_seed,C1,classification,2026,3,pairwise_common_clean_correct,-17.0,0.0022542498152254248,0.0022542498152254248,,
training_seed,C1,classification,2026,3,pairwise_common_clean_correct,-16.0,0.0007575757575757576,0.0007575757575757576,,
training_seed,C1,classification,2026,3,pairwise_common_clean_correct,-15.0,0.0,0.0,,
training_seed,C1,classification,2026,3,pairwise_common_clean_correct,-14.0,0.0,0.0,,
training_seed,C1,classification,2026,3,pairwise_common_clean_correct,-13.0,0.0,0.0,,
training_seed,C1,classification,2026,3,pairwise_common_clean_correct,-12.0,0.0,0.0,,
training_seed,C1,classification,2026,3,pairwise_common_clean_correct,-11.0,0.0,0.0,,
training_seed,C1,classification,2026,3,pairwise_common_clean_correct,-10.0,0.0,0.0,,
training_seed,C1,classification,2026,3,pairwise_common_clean_correct,-9.0,0.0,0.0,,
training_seed,C1,classification,2026,3,pairwise_common_clean_correct,-8.0,0.0,0.0,,
training_seed,C1,classification,2026,3,pairwise_common_clean_correct,-7.0,0.0,0.0,,
training_seed,C1,classification,2026,3,pairwise_common_clean_correct,-6.0,0.0,0.0,,
training_seed,C1,classification,2026,3,pairwise_common_clean_correct,-5.0,0.0,0.0,,
training_seed,C1,classification,2026,3,pairwise_common_clean_correct,-4.0,0.0,0.0,,
training_seed,C1,classification,2026,3,pairwise_common_clean_correct,-3.0,0.0,0.0,,
training_seed,C1,classification,2026,3,pairwise_common_clean_correct,-2.0,0.0,0.0,,
training_seed,C1,classification,2026,3,pairwise_common_clean_correct,-1.0,0.0,0.0,,
training_seed,C1,classification,2026,3,pairwise_common_clean_correct,0.0,0.0,0.0,,
training_seed,C1,classification,2026,3,four_cell_common_clean_correct,-40.0,0.9016130479651815,0.9016130479651815,,
training_seed,C1,classification,2026,3,four_cell_common_clean_correct,-39.0,0.8411256188211365,0.8411256188211365,,
training_seed,C1,classification,2026,3,four_cell_common_clean_correct,-38.0,0.8411256188211365,0.8411256188211365,,
training_seed,C1,classification,2026,3,four_cell_common_clean_correct,-37.0,0.8411256188211365,0.8411256188211365,,
training_seed,C1,classification,2026,3,four_cell_common_clean_correct,-36.0,0.779819326662778,0.779819326662778,,
training_seed,C1,classification,2026,3,four_cell_common_clean_correct,-35.0,0.779819326662778,0.779819326662778,,
training_seed,C1,classification,2026,3,four_cell_common_clean_correct,-34.0,0.7370178429876909,0.7370178429876909,,
training_seed,C1,classification,2026,3,four_cell_common_clean_correct,-33.0,0.6846442619763389,0.6846442619763389,,
training_seed,C1,classification,2026,3,four_cell_common_clean_correct,-32.0,0.6564065748343578,0.6564065748343578,,
training_seed,C1,classification,2026,3,four_cell_common_clean_correct,-31.0,0.6286848835644098,0.6286848835644098,,
training_seed,C1,classification,2026,3,four_cell_common_clean_correct,-30.0,0.5683395402401997,0.5683395402401997,,
training_seed,C1,classification,2026,3,four_cell_common_clean_correct,-29.0,0.4885994825084878,0.4885994825084878,,
training_seed,C1,classification,2026,3,four_cell_common_clean_correct,-28.0,0.40477632700677524,0.40477632700677524,,
training_seed,C1,classification,2026,3,four_cell_common_clean_correct,-27.0,0.36739279998803487,0.36739279998803487,,
training_seed,C1,classification,2026,3,four_cell_common_clean_correct,-26.0,0.31544547643618853,0.31544547643618853,,
training_seed,C1,classification,2026,3,four_cell_common_clean_correct,-25.0,0.22107057926145288,0.22107057926145288,,
training_seed,C1,classification,2026,3,four_cell_common_clean_correct,-24.0,0.16905221279968888,0.16905221279968888,,
training_seed,C1,classification,2026,3,four_cell_common_clean_correct,-23.0,0.13093956117916275,0.13093956117916275,,
training_seed,C1,classification,2026,3,four_cell_common_clean_correct,-22.0,0.05603042132184682,0.05603042132184682,,
training_seed,C1,classification,2026,3,four_cell_common_clean_correct,-21.0,0.02779273417986569,0.02779273417986569,,
training_seed,C1,classification,2026,3,four_cell_common_clean_correct,-20.0,0.02340676926758499,0.02340676926758499,,
training_seed,C1,classification,2026,3,four_cell_common_clean_correct,-19.0,0.009287925696594427,0.009287925696594427,,
training_seed,C1,classification,2026,3,four_cell_common_clean_correct,-18.0,0.0,0.0,,
training_seed,C1,classification,2026,3,four_cell_common_clean_correct,-17.0,0.0,0.0,,
training_seed,C1,classification,2026,3,four_cell_common_clean_correct,-16.0,0.0,0.0,,
training_seed,C1,classification,2026,3,four_cell_common_clean_correct,-15.0,0.0,0.0,,
training_seed,C1,classification,2026,3,four_cell_common_clean_correct,-14.0,0.0,0.0,,
training_seed,C1,classification,2026,3,four_cell_common_clean_correct,-13.0,0.0,0.0,,
training_seed,C1,classification,2026,3,four_cell_common_clean_correct,-12.0,0.0,0.0,,
training_seed,C1,classification,2026,3,four_cell_common_clean_correct,-11.0,0.0,0.0,,
training_seed,C1,classification,2026,3,four_cell_common_clean_correct,-10.0,0.0,0.0,,
training_seed,C1,classification,2026,3,four_cell_common_clean_correct,-9.0,0.0,0.0,,
training_seed,C1,classification,2026,3,four_cell_common_clean_correct,-8.0,0.0,0.0,,
training_seed,C1,classification,2026,3,four_cell_common_clean_correct,-7.0,0.0,0.0,,
training_seed,C1,classification,2026,3,four_cell_common_clean_correct,-6.0,0.0,0.0,,
training_seed,C1,classification,2026,3,four_cell_common_clean_correct,-5.0,0.0,0.0,,
training_seed,C1,classification,2026,3,four_cell_common_clean_correct,-4.0,0.0,0.0,,
training_seed,C1,classification,2026,3,four_cell_common_clean_correct,-3.0,0.0,0.0,,
training_seed,C1,classification,2026,3,four_cell_common_clean_correct,-2.0,0.0,0.0,,
training_seed,C1,classification,2026,3,four_cell_common_clean_correct,-1.0,0.0,0.0,,
training_seed,C1,classification,2026,3,four_cell_common_clean_correct,0.0,0.0,0.0,,
training_seed,C1,classification,2027,3,all,-40.0,0.577,0.577,,
training_seed,C1,classification,2027,3,all,-39.0,0.5406666666666667,0.5406666666666667,,
training_seed,C1,classification,2027,3,all,-38.0,0.5406666666666667,0.5406666666666667,,
training_seed,C1,classification,2027,3,all,-37.0,0.5366666666666666,0.5366666666666666,,
training_seed,C1,classification,2027,3,all,-36.0,0.5046666666666667,0.5046666666666667,,
training_seed,C1,classification,2027,3,all,-35.0,0.49933333333333335,0.49933333333333335,,
training_seed,C1,classification,2027,3,all,-34.0,0.4713333333333334,0.4713333333333334,,
training_seed,C1,classification,2027,3,all,-33.0,0.4346666666666667,0.4346666666666667,,
training_seed,C1,classification,2027,3,all,-32.0,0.42566666666666664,0.42566666666666664,,
training_seed,C1,classification,2027,3,all,-31.0,0.39799999999999996,0.39799999999999996,,
training_seed,C1,classification,2027,3,all,-30.0,0.3673333333333333,0.3673333333333333,,
training_seed,C1,classification,2027,3,all,-29.0,0.33266666666666667,0.33266666666666667,,
training_seed,C1,classification,2027,3,all,-28.0,0.29033333333333333,0.29033333333333333,,
training_seed,C1,classification,2027,3,all,-27.0,0.259,0.259,,
training_seed,C1,classification,2027,3,all,-26.0,0.22266666666666668,0.22266666666666668,,
training_seed,C1,classification,2027,3,all,-25.0,0.18033333333333332,0.18033333333333332,,
training_seed,C1,classification,2027,3,all,-24.0,0.142,0.142,,
training_seed,C1,classification,2027,3,all,-23.0,0.10433333333333333,0.10433333333333333,,
training_seed,C1,classification,2027,3,all,-22.0,0.07366666666666666,0.07366666666666666,,
training_seed,C1,classification,2027,3,all,-21.0,0.04933333333333334,0.04933333333333334,,
training_seed,C1,classification,2027,3,all,-20.0,0.026333333333333334,0.026333333333333334,,
training_seed,C1,classification,2027,3,all,-19.0,0.014333333333333332,0.014333333333333332,,
training_seed,C1,classification,2027,3,all,-18.0,0.005333333333333333,0.005333333333333333,,
training_seed,C1,classification,2027,3,all,-17.0,0.002,0.002,,
training_seed,C1,classification,2027,3,all,-16.0,0.0013333333333333333,0.0013333333333333333,,
training_seed,C1,classification,2027,3,all,-15.0,0.0003333333333333333,0.0003333333333333333,,
training_seed,C1,classification,2027,3,all,-14.0,0.0,0.0,,
training_seed,C1,classification,2027,3,all,-13.0,0.0,0.0,,
training_seed,C1,classification,2027,3,all,-12.0,0.0,0.0,,
training_seed,C1,classification,2027,3,all,-11.0,0.0,0.0,,
training_seed,C1,classification,2027,3,all,-10.0,0.0,0.0,,
training_seed,C1,classification,2027,3,all,-9.0,0.0,0.0,,
training_seed,C1,classification,2027,3,all,-8.0,0.0,0.0,,
training_seed,C1,classification,2027,3,all,-7.0,0.0,0.0,,
training_seed,C1,classification,2027,3,all,-6.0,0.0,0.0,,
training_seed,C1,classification,2027,3,all,-5.0,0.0,0.0,,
training_seed,C1,classification,2027,3,all,-4.0,0.0,0.0,,
training_seed,C1,classification,2027,3,all,-3.0,0.0,0.0,,
training_seed,C1,classification,2027,3,all,-2.0,0.0,0.0,,
training_seed,C1,classification,2027,3,all,-1.0,0.0,0.0,,
training_seed,C1,classification,2027,3,all,0.0,0.0,0.0,,
training_seed,C1,classification,2027,3,pairwise_common_clean_correct,-40.0,0.9272942159804157,0.9272942159804157,,
training_seed,C1,classification,2027,3,pairwise_common_clean_correct,-39.0,0.8891898039902731,0.8891898039902731,,
training_seed,C1,classification,2027,3,pairwise_common_clean_correct,-38.0,0.8891898039902731,0.8891898039902731,,
training_seed,C1,classification,2027,3,pairwise_common_clean_correct,-37.0,0.8832015226211808,0.8832015226211808,,
training_seed,C1,classification,2027,3,pairwise_common_clean_correct,-36.0,0.8424000123668152,0.8424000123668152,,
training_seed,C1,classification,2027,3,pairwise_common_clean_correct,-35.0,0.834418811214125,0.834418811214125,,
training_seed,C1,classification,2027,3,pairwise_common_clean_correct,-34.0,0.7922178702197212,0.7922178702197212,,
training_seed,C1,classification,2027,3,pairwise_common_clean_correct,-33.0,0.7434741378977187,0.7434741378977187,,
training_seed,C1,classification,2027,3,pairwise_common_clean_correct,-32.0,0.7294103315723502,0.7294103315723502,,
training_seed,C1,classification,2027,3,pairwise_common_clean_correct,-31.0,0.6980168276714359,0.6980168276714359,,
training_seed,C1,classification,2027,3,pairwise_common_clean_correct,-30.0,0.6519332971346347,0.6519332971346347,,
training_seed,C1,classification,2027,3,pairwise_common_clean_correct,-29.0,0.5992058078514676,0.5992058078514676,,
training_seed,C1,classification,2027,3,pairwise_common_clean_correct,-28.0,0.5304694977655999,0.5304694977655999,,
training_seed,C1,classification,2027,3,pairwise_common_clean_correct,-27.0,0.47904235440973575,0.47904235440973575,,
training_seed,C1,classification,2027,3,pairwise_common_clean_correct,-26.0,0.416878888515308,0.416878888515308,,
training_seed,C1,classification,2027,3,pairwise_common_clean_correct,-25.0,0.34335347556888424,0.34335347556888424,,
training_seed,C1,classification,2027,3,pairwise_common_clean_correct,-24.0,0.27461984388613425,0.27461984388613425,,
training_seed,C1,classification,2027,3,pairwise_common_clean_correct,-23.0,0.203200122766405,0.203200122766405,,
training_seed,C1,classification,2027,3,pairwise_common_clean_correct,-22.0,0.14369745445426488,0.14369745445426488,,
training_seed,C1,classification,2027,3,pairwise_common_clean_correct,-21.0,0.09690290182165766,0.09690290182165766,,
training_seed,C1,classification,2027,3,pairwise_common_clean_correct,-20.0,0.05209502115455384,0.05209502115455384,,
training_seed,C1,classification,2027,3,pairwise_common_clean_correct,-19.0,0.02877019859473474,0.02877019859473474,,
training_seed,C1,classification,2027,3,pairwise_common_clean_correct,-18.0,0.010680977820031063,0.010680977820031063,,
training_seed,C1,classification,2027,3,pairwise_common_clean_correct,-17.0,0.004009048815855974,0.004009048815855974,,
training_seed,C1,classification,2027,3,pairwise_common_clean_correct,-16.0,0.0026834110338614567,0.0026834110338614567,,
training_seed,C1,classification,2027,3,pairwise_common_clean_correct,-15.0,0.0006720430107526881,0.0006720430107526881,,
training_seed,C1,classification,2027,3,pairwise_common_clean_correct,-14.0,0.0,0.0,,
training_seed,C1,classification,2027,3,pairwise_common_clean_correct,-13.0,0.0,0.0,,
training_seed,C1,classification,2027,3,pairwise_common_clean_correct,-12.0,0.0,0.0,,
training_seed,C1,classification,2027,3,pairwise_common_clean_correct,-11.0,0.0,0.0,,
training_seed,C1,classification,2027,3,pairwise_common_clean_correct,-10.0,0.0,0.0,,
training_seed,C1,classification,2027,3,pairwise_common_clean_correct,-9.0,0.0,0.0,,
training_seed,C1,classification,2027,3,pairwise_common_clean_correct,-8.0,0.0,0.0,,
training_seed,C1,classification,2027,3,pairwise_common_clean_correct,-7.0,0.0,0.0,,
training_seed,C1,classification,2027,3,pairwise_common_clean_correct,-6.0,0.0,0.0,,
training_seed,C1,classification,2027,3,pairwise_common_clean_correct,-5.0,0.0,0.0,,
training_seed,C1,classification,2027,3,pairwise_common_clean_correct,-4.0,0.0,0.0,,
training_seed,C1,classification,2027,3,pairwise_common_clean_correct,-3.0,0.0,0.0,,
training_seed,C1,classification,2027,3,pairwise_common_clean_correct,-2.0,0.0,0.0,,
training_seed,C1,classification,2027,3,pairwise_common_clean_correct,-1.0,0.0,0.0,,
training_seed,C1,classification,2027,3,pairwise_common_clean_correct,0.0,0.0,0.0,,
training_seed,C1,classification,2027,3,four_cell_common_clean_correct,-40.0,0.9280567245056782,0.9280567245056782,,
training_seed,C1,classification,2027,3,four_cell_common_clean_correct,-39.0,0.8946767932975922,0.8946767932975922,,
training_seed,C1,classification,2027,3,four_cell_common_clean_correct,-38.0,0.8946767932975922,0.8946767932975922,,
training_seed,C1,classification,2027,3,four_cell_common_clean_correct,-37.0,0.8871010357218347,0.8871010357218347,,
training_seed,C1,classification,2027,3,four_cell_common_clean_correct,-36.0,0.860687726984493,0.860687726984493,,
training_seed,C1,classification,2027,3,four_cell_common_clean_correct,-35.0,0.8528837839395861,0.8528837839395861,,
training_seed,C1,classification,2027,3,four_cell_common_clean_correct,-34.0,0.8214907476797141,0.8214907476797141,,
training_seed,C1,classification,2027,3,four_cell_common_clean_correct,-33.0,0.7659417574604639,0.7659417574604639,,
training_seed,C1,classification,2027,3,four_cell_common_clean_correct,-32.0,0.7438236198382046,0.7438236198382046,,
training_seed,C1,classification,2027,3,four_cell_common_clean_correct,-31.0,0.7181967102861205,0.7181967102861205,,
training_seed,C1,classification,2027,3,four_cell_common_clean_correct,-30.0,0.6694370784573701,0.6694370784573701,,
training_seed,C1,classification,2027,3,four_cell_common_clean_correct,-29.0,0.624642589496743,0.624642589496743,,
training_seed,C1,classification,2027,3,four_cell_common_clean_correct,-28.0,0.5809645279683328,0.5809645279683328,,
training_seed,C1,classification,2027,3,four_cell_common_clean_correct,-27.0,0.5316976038123787,0.5316976038123787,,
training_seed,C1,classification,2027,3,four_cell_common_clean_correct,-26.0,0.48644674391345283,0.48644674391345283,,
training_seed,C1,classification,2027,3,four_cell_common_clean_correct,-25.0,0.42410839530370287,0.42410839530370287,,
training_seed,C1,classification,2027,3,four_cell_common_clean_correct,-24.0,0.35590207720835493,0.35590207720835493,,
training_seed,C1,classification,2027,3,four_cell_common_clean_correct,-23.0,0.28451701543014163,0.28451701543014163,,
training_seed,C1,classification,2027,3,four_cell_common_clean_correct,-22.0,0.2000182548375319,0.2000182548375319,,
training_seed,C1,classification,2027,3,four_cell_common_clean_correct,-21.0,0.144063815068888,0.144063815068888,,
training_seed,C1,classification,2027,3,four_cell_common_clean_correct,-20.0,0.059793239945427644,0.059793239945427644,,
training_seed,C1,classification,2027,3,four_cell_common_clean_correct,-19.0,0.034166330393343707,0.034166330393343707,,
training_seed,C1,classification,2027,3,four_cell_common_clean_correct,-18.0,0.011312714974731462,0.011312714974731462,,
training_seed,C1,classification,2027,3,four_cell_common_clean_correct,-17.0,0.007524836186852675,0.007524836186852675,,
training_seed,C1,classification,2027,3,four_cell_common_clean_correct,-16.0,0.007524836186852675,0.007524836186852675,,
training_seed,C1,classification,2027,3,four_cell_common_clean_correct,-15.0,0.0035087719298245615,0.0035087719298245615,,
training_seed,C1,classification,2027,3,four_cell_common_clean_correct,-14.0,0.0,0.0,,
training_seed,C1,classification,2027,3,four_cell_common_clean_correct,-13.0,0.0,0.0,,
training_seed,C1,classification,2027,3,four_cell_common_clean_correct,-12.0,0.0,0.0,,
training_seed,C1,classification,2027,3,four_cell_common_clean_correct,-11.0,0.0,0.0,,
training_seed,C1,classification,2027,3,four_cell_common_clean_correct,-10.0,0.0,0.0,,
training_seed,C1,classification,2027,3,four_cell_common_clean_correct,-9.0,0.0,0.0,,
training_seed,C1,classification,2027,3,four_cell_common_clean_correct,-8.0,0.0,0.0,,
training_seed,C1,classification,2027,3,four_cell_common_clean_correct,-7.0,0.0,0.0,,
training_seed,C1,classification,2027,3,four_cell_common_clean_correct,-6.0,0.0,0.0,,
training_seed,C1,classification,2027,3,four_cell_common_clean_correct,-5.0,0.0,0.0,,
training_seed,C1,classification,2027,3,four_cell_common_clean_correct,-4.0,0.0,0.0,,
training_seed,C1,classification,2027,3,four_cell_common_clean_correct,-3.0,0.0,0.0,,
training_seed,C1,classification,2027,3,four_cell_common_clean_correct,-2.0,0.0,0.0,,
training_seed,C1,classification,2027,3,four_cell_common_clean_correct,-1.0,0.0,0.0,,
training_seed,C1,classification,2027,3,four_cell_common_clean_correct,0.0,0.0,0.0,,
training_seed,C1,classification,2028,3,all,-40.0,0.5453333333333333,0.5453333333333333,,
training_seed,C1,classification,2028,3,all,-39.0,0.5073333333333333,0.5073333333333333,,
training_seed,C1,classification,2028,3,all,-38.0,0.5073333333333333,0.5073333333333333,,
training_seed,C1,classification,2028,3,all,-37.0,0.5036666666666667,0.5036666666666667,,
training_seed,C1,classification,2028,3,all,-36.0,0.47233333333333327,0.47233333333333327,,
training_seed,C1,classification,2028,3,all,-35.0,0.467,0.467,,
training_seed,C1,classification,2028,3,all,-34.0,0.441,0.441,,
training_seed,C1,classification,2028,3,all,-33.0,0.41533333333333333,0.41533333333333333,,
training_seed,C1,classification,2028,3,all,-32.0,0.40633333333333327,0.40633333333333327,,
training_seed,C1,classification,2028,3,all,-31.0,0.3786666666666667,0.3786666666666667,,
training_seed,C1,classification,2028,3,all,-30.0,0.3553333333333333,0.3553333333333333,,
training_seed,C1,classification,2028,3,all,-29.0,0.32033333333333336,0.32033333333333336,,
training_seed,C1,classification,2028,3,all,-28.0,0.26833333333333337,0.26833333333333337,,
training_seed,C1,classification,2028,3,all,-27.0,0.23866666666666667,0.23866666666666667,,
training_seed,C1,classification,2028,3,all,-26.0,0.20533333333333334,0.20533333333333334,,
training_seed,C1,classification,2028,3,all,-25.0,0.16433333333333333,0.16433333333333333,,
training_seed,C1,classification,2028,3,all,-24.0,0.129,0.129,,
training_seed,C1,classification,2028,3,all,-23.0,0.10366666666666667,0.10366666666666667,,
training_seed,C1,classification,2028,3,all,-22.0,0.066,0.066,,
training_seed,C1,classification,2028,3,all,-21.0,0.051,0.051,,
training_seed,C1,classification,2028,3,all,-20.0,0.028333333333333332,0.028333333333333332,,
training_seed,C1,classification,2028,3,all,-19.0,0.015666666666666666,0.015666666666666666,,
training_seed,C1,classification,2028,3,all,-18.0,0.006666666666666667,0.006666666666666667,,
training_seed,C1,classification,2028,3,all,-17.0,0.0006666666666666666,0.0006666666666666666,,
training_seed,C1,classification,2028,3,all,-16.0,0.0003333333333333333,0.0003333333333333333,,
training_seed,C1,classification,2028,3,all,-15.0,0.0,0.0,,
training_seed,C1,classification,2028,3,all,-14.0,0.0,0.0,,
training_seed,C1,classification,2028,3,all,-13.0,0.0,0.0,,
training_seed,C1,classification,2028,3,all,-12.0,0.0,0.0,,
training_seed,C1,classification,2028,3,all,-11.0,0.0,0.0,,
training_seed,C1,classification,2028,3,all,-10.0,0.0,0.0,,
training_seed,C1,classification,2028,3,all,-9.0,0.0,0.0,,
training_seed,C1,classification,2028,3,all,-8.0,0.0,0.0,,
training_seed,C1,classification,2028,3,all,-7.0,0.0,0.0,,
training_seed,C1,classification,2028,3,all,-6.0,0.0,0.0,,
training_seed,C1,classification,2028,3,all,-5.0,0.0,0.0,,
training_seed,C1,classification,2028,3,all,-4.0,0.0,0.0,,
training_seed,C1,classification,2028,3,all,-3.0,0.0,0.0,,
training_seed,C1,classification,2028,3,all,-2.0,0.0,0.0,,
training_seed,C1,classification,2028,3,all,-1.0,0.0,0.0,,
training_seed,C1,classification,2028,3,all,0.0,0.0,0.0,,
training_seed,C1,classification,2028,3,pairwise_common_clean_correct,-40.0,0.9172291909951705,0.9172291909951705,,
training_seed,C1,classification,2028,3,pairwise_common_clean_correct,-39.0,0.8731385468015426,0.8731385468015426,,
training_seed,C1,classification,2028,3,pairwise_common_clean_correct,-38.0,0.8731385468015426,0.8731385468015426,,
training_seed,C1,classification,2028,3,pairwise_common_clean_correct,-37.0,0.8670354271352476,0.8670354271352476,,
training_seed,C1,classification,2028,3,pairwise_common_clean_correct,-36.0,0.8317759015959779,0.8317759015959779,,
training_seed,C1,classification,2028,3,pairwise_common_clean_correct,-35.0,0.824310885952808,0.824310885952808,,
training_seed,C1,classification,2028,3,pairwise_common_clean_correct,-34.0,0.7863247469083848,0.7863247469083848,,
training_seed,C1,classification,2028,3,pairwise_common_clean_correct,-33.0,0.7523843865799709,0.7523843865799709,,
training_seed,C1,classification,2028,3,pairwise_common_clean_correct,-32.0,0.7394937692753905,0.7394937692753905,,
training_seed,C1,classification,2028,3,pairwise_common_clean_correct,-31.0,0.6987852068982661,0.6987852068982661,,
training_seed,C1,classification,2028,3,pairwise_common_clean_correct,-30.0,0.6587803518064295,0.6587803518064295,,
training_seed,C1,classification,2028,3,pairwise_common_clean_correct,-29.0,0.6024351955825522,0.6024351955825522,,
training_seed,C1,classification,2028,3,pairwise_common_clean_correct,-28.0,0.5115576900048593,0.5115576900048593,,
training_seed,C1,classification,2028,3,pairwise_common_clean_correct,-27.0,0.459995119615372,0.459995119615372,,
training_seed,C1,classification,2028,3,pairwise_common_clean_correct,-26.0,0.39824093693942214,0.39824093693942214,,
training_seed,C1,classification,2028,3,pairwise_common_clean_correct,-25.0,0.3242805317927438,0.3242805317927438,,
training_seed,C1,classification,2028,3,pairwise_common_clean_correct,-24.0,0.2571352327713865,0.2571352327713865,,
training_seed,C1,classification,2028,3,pairwise_common_clean_correct,-23.0,0.20897540840902692,0.20897540840902692,,
training_seed,C1,classification,2028,3,pairwise_common_clean_correct,-22.0,0.13297834338454814,0.13297834338454814,,
training_seed,C1,classification,2028,3,pairwise_common_clean_correct,-21.0,0.10311823022628534,0.10311823022628534,,
training_seed,C1,classification,2028,3,pairwise_common_clean_correct,-20.0,0.05766569005578213,0.05766569005578213,,
training_seed,C1,classification,2028,3,pairwise_common_clean_correct,-19.0,0.03187749430834908,0.03187749430834908,,
training_seed,C1,classification,2028,3,pairwise_common_clean_correct,-18.0,0.013564012584456496,0.013564012584456496,,
training_seed,C1,classification,2028,3,pairwise_common_clean_correct,-17.0,0.0013591587347770065,0.0013591587347770065,,
training_seed,C1,classification,2028,3,pairwise_common_clean_correct,-16.0,0.0006788866259334691,0.0006788866259334691,,
training_seed,C1,classification,2028,3,pairwise_common_clean_correct,-15.0,0.0,0.0,,
training_seed,C1,classification,2028,3,pairwise_common_clean_correct,-14.0,0.0,0.0,,
training_seed,C1,classification,2028,3,pairwise_common_clean_correct,-13.0,0.0,0.0,,
training_seed,C1,classification,2028,3,pairwise_common_clean_correct,-12.0,0.0,0.0,,
training_seed,C1,classification,2028,3,pairwise_common_clean_correct,-11.0,0.0,0.0,,
training_seed,C1,classification,2028,3,pairwise_common_clean_correct,-10.0,0.0,0.0,,
training_seed,C1,classification,2028,3,pairwise_common_clean_correct,-9.0,0.0,0.0,,
training_seed,C1,classification,2028,3,pairwise_common_clean_correct,-8.0,0.0,0.0,,
training_seed,C1,classification,2028,3,pairwise_common_clean_correct,-7.0,0.0,0.0,,
training_seed,C1,classification,2028,3,pairwise_common_clean_correct,-6.0,0.0,0.0,,
training_seed,C1,classification,2028,3,pairwise_common_clean_correct,-5.0,0.0,0.0,,
training_seed,C1,classification,2028,3,pairwise_common_clean_correct,-4.0,0.0,0.0,,
training_seed,C1,classification,2028,3,pairwise_common_clean_correct,-3.0,0.0,0.0,,
training_seed,C1,classification,2028,3,pairwise_common_clean_correct,-2.0,0.0,0.0,,
training_seed,C1,classification,2028,3,pairwise_common_clean_correct,-1.0,0.0,0.0,,
training_seed,C1,classification,2028,3,pairwise_common_clean_correct,0.0,0.0,0.0,,
training_seed,C1,classification,2028,3,four_cell_common_clean_correct,-40.0,0.9214219781930723,0.9214219781930723,,
training_seed,C1,classification,2028,3,four_cell_common_clean_correct,-39.0,0.8687491758455627,0.8687491758455627,,
training_seed,C1,classification,2028,3,four_cell_common_clean_correct,-38.0,0.8687491758455627,0.8687491758455627,,
training_seed,C1,classification,2028,3,four_cell_common_clean_correct,-37.0,0.8687491758455627,0.8687491758455627,,
training_seed,C1,classification,2028,3,four_cell_common_clean_correct,-36.0,0.8363562126548815,0.8363562126548815,,
training_seed,C1,classification,2028,3,four_cell_common_clean_correct,-35.0,0.8294833604212043,0.8294833604212043,,
training_seed,C1,classification,2028,3,four_cell_common_clean_correct,-34.0,0.7800468040283874,0.7800468040283874,,
training_seed,C1,classification,2028,3,four_cell_common_clean_correct,-33.0,0.7400724143792905,0.7400724143792905,,
training_seed,C1,classification,2028,3,four_cell_common_clean_correct,-32.0,0.7334613850878489,0.7334613850878489,,
training_seed,C1,classification,2028,3,four_cell_common_clean_correct,-31.0,0.680326579635958,0.680326579635958,,
training_seed,C1,classification,2028,3,four_cell_common_clean_correct,-30.0,0.6470865048384816,0.6470865048384816,,
training_seed,C1,classification,2028,3,four_cell_common_clean_correct,-29.0,0.611734370457221,0.611734370457221,,
training_seed,C1,classification,2028,3,four_cell_common_clean_correct,-28.0,0.5006864908576448,0.5006864908576448,,
training_seed,C1,classification,2028,3,four_cell_common_clean_correct,-27.0,0.4648723533720031,0.4648723533720031,,
training_seed,C1,classification,2028,3,four_cell_common_clean_correct,-26.0,0.4090865906299797,0.4090865906299797,,
training_seed,C1,classification,2028,3,four_cell_common_clean_correct,-25.0,0.3079781327003827,0.3079781327003827,,
training_seed,C1,classification,2028,3,four_cell_common_clean_correct,-24.0,0.22958503923372306,0.22958503923372306,,
training_seed,C1,classification,2028,3,four_cell_common_clean_correct,-23.0,0.17725095443041594,0.17725095443041594,,
training_seed,C1,classification,2028,3,four_cell_common_clean_correct,-22.0,0.1042983129260779,0.1042983129260779,,
training_seed,C1,classification,2028,3,four_cell_common_clean_correct,-21.0,0.08414175932942825,0.08414175932942825,,
training_seed,C1,classification,2028,3,four_cell_common_clean_correct,-20.0,0.045476484391507914,0.045476484391507914,,
training_seed,C1,classification,2028,3,four_cell_common_clean_correct,-19.0,0.016196481595340567,0.016196481595340567,,
training_seed,C1,classification,2028,3,four_cell_common_clean_correct,-18.0,0.00984727524613422,0.00984727524613422,,
training_seed,C1,classification,2028,3,four_cell_common_clean_correct,-17.0,0.003436426116838488,0.003436426116838488,,
training_seed,C1,classification,2028,3,four_cell_common_clean_correct,-16.0,0.003436426116838488,0.003436426116838488,,
training_seed,C1,classification,2028,3,four_cell_common_clean_correct,-15.0,0.0,0.0,,
training_seed,C1,classification,2028,3,four_cell_common_clean_correct,-14.0,0.0,0.0,,
training_seed,C1,classification,2028,3,four_cell_common_clean_correct,-13.0,0.0,0.0,,
training_seed,C1,classification,2028,3,four_cell_common_clean_correct,-12.0,0.0,0.0,,
training_seed,C1,classification,2028,3,four_cell_common_clean_correct,-11.0,0.0,0.0,,
training_seed,C1,classification,2028,3,four_cell_common_clean_correct,-10.0,0.0,0.0,,
training_seed,C1,classification,2028,3,four_cell_common_clean_correct,-9.0,0.0,0.0,,
training_seed,C1,classification,2028,3,four_cell_common_clean_correct,-8.0,0.0,0.0,,
training_seed,C1,classification,2028,3,four_cell_common_clean_correct,-7.0,0.0,0.0,,
training_seed,C1,classification,2028,3,four_cell_common_clean_correct,-6.0,0.0,0.0,,
training_seed,C1,classification,2028,3,four_cell_common_clean_correct,-5.0,0.0,0.0,,
training_seed,C1,classification,2028,3,four_cell_common_clean_correct,-4.0,0.0,0.0,,
training_seed,C1,classification,2028,3,four_cell_common_clean_correct,-3.0,0.0,0.0,,
training_seed,C1,classification,2028,3,four_cell_common_clean_correct,-2.0,0.0,0.0,,
training_seed,C1,classification,2028,3,four_cell_common_clean_correct,-1.0,0.0,0.0,,
training_seed,C1,classification,2028,3,four_cell_common_clean_correct,0.0,0.0,0.0,,
across_training_seeds,R0,reconstruction,,3,all,-40.0,0.09000000000000001,0.09000000000000001,0.007055336829505572,0.007055336829505572
across_training_seeds,R0,reconstruction,,3,all,-39.0,0.058222222222222224,0.058222222222222224,0.002168802366215901,0.002168802366215901
across_training_seeds,R0,reconstruction,,3,all,-38.0,0.058222222222222224,0.058222222222222224,0.002168802366215901,0.002168802366215901
across_training_seeds,R0,reconstruction,,3,all,-37.0,0.04822222222222222,0.04822222222222222,0.005336804426010145,0.005336804426010145
across_training_seeds,R0,reconstruction,,3,all,-36.0,0.03888888888888889,0.03888888888888889,0.002834966849371791,0.002834966849371791
across_training_seeds,R0,reconstruction,,3,all,-35.0,0.024333333333333332,0.024333333333333332,0.002645751311064591,0.002645751311064591
across_training_seeds,R0,reconstruction,,3,all,-34.0,0.024333333333333332,0.024333333333333332,0.002645751311064591,0.002645751311064591
across_training_seeds,R0,reconstruction,,3,all,-33.0,0.01566666666666667,0.01566666666666667,0.0017638342073763942,0.0017638342073763942
across_training_seeds,R0,reconstruction,,3,all,-32.0,0.010777777777777777,0.010777777777777777,0.0022194427061597976,0.0022194427061597976
across_training_seeds,R0,reconstruction,,3,all,-31.0,0.006888888888888889,0.006888888888888889,0.0015030832509409647,0.0015030832509409647
across_training_seeds,R0,reconstruction,,3,all,-30.0,0.005111111111111111,0.005111111111111111,0.001071516751221439,0.001071516751221439
across_training_seeds,R0,reconstruction,,3,all,-29.0,0.0037777777777777788,0.0037777777777777788,0.0006938886664887109,0.0006938886664887109
across_training_seeds,R0,reconstruction,,3,all,-28.0,0.0022222222222222222,0.0022222222222222222,0.0005091750772173155,0.0005091750772173155
across_training_seeds,R0,reconstruction,,3,all,-27.0,0.0013333333333333333,0.0013333333333333333,0.0003333333333333334,0.0003333333333333334
across_training_seeds,R0,reconstruction,,3,all,-26.0,0.0004444444444444444,0.0004444444444444444,0.00019245008972987527,0.00019245008972987527
across_training_seeds,R0,reconstruction,,3,all,-25.0,0.0002222222222222222,0.0002222222222222222,0.00019245008972987527,0.00019245008972987527
across_training_seeds,R0,reconstruction,,3,all,-24.0,0.0001111111111111111,0.0001111111111111111,0.00019245008972987527,0.00019245008972987527
across_training_seeds,R0,reconstruction,,3,all,-23.0,0.0001111111111111111,0.0001111111111111111,0.00019245008972987527,0.00019245008972987527
across_training_seeds,R0,reconstruction,,3,all,-22.0,0.0,0.0,0.0,0.0
across_training_seeds,R0,reconstruction,,3,all,-21.0,0.0,0.0,0.0,0.0
across_training_seeds,R0,reconstruction,,3,all,-20.0,0.0,0.0,0.0,0.0
across_training_seeds,R0,reconstruction,,3,all,-19.0,0.0,0.0,0.0,0.0
across_training_seeds,R0,reconstruction,,3,all,-18.0,0.0,0.0,0.0,0.0
across_training_seeds,R0,reconstruction,,3,all,-17.0,0.0,0.0,0.0,0.0
across_training_seeds,R0,reconstruction,,3,all,-16.0,0.0,0.0,0.0,0.0
across_training_seeds,R0,reconstruction,,3,all,-15.0,0.0,0.0,0.0,0.0
across_training_seeds,R0,reconstruction,,3,all,-14.0,0.0,0.0,0.0,0.0
across_training_seeds,R0,reconstruction,,3,all,-13.0,0.0,0.0,0.0,0.0
across_training_seeds,R0,reconstruction,,3,all,-12.0,0.0,0.0,0.0,0.0
across_training_seeds,R0,reconstruction,,3,all,-11.0,0.0,0.0,0.0,0.0
across_training_seeds,R0,reconstruction,,3,all,-10.0,0.0,0.0,0.0,0.0
across_training_seeds,R0,reconstruction,,3,all,-9.0,0.0,0.0,0.0,0.0
across_training_seeds,R0,reconstruction,,3,all,-8.0,0.0,0.0,0.0,0.0
across_training_seeds,R0,reconstruction,,3,all,-7.0,0.0,0.0,0.0,0.0
across_training_seeds,R0,reconstruction,,3,all,-6.0,0.0,0.0,0.0,0.0
across_training_seeds,R0,reconstruction,,3,all,-5.0,0.0,0.0,0.0,0.0
across_training_seeds,R0,reconstruction,,3,all,-4.0,0.0,0.0,0.0,0.0
across_training_seeds,R0,reconstruction,,3,all,-3.0,0.0,0.0,0.0,0.0
across_training_seeds,R0,reconstruction,,3,all,-2.0,0.0,0.0,0.0,0.0
across_training_seeds,R0,reconstruction,,3,all,-1.0,0.0,0.0,0.0,0.0
across_training_seeds,R0,reconstruction,,3,all,0.0,0.0,0.0,0.0,0.0
across_training_seeds,R0,reconstruction,,3,pairwise_common_clean_correct,-40.0,0.4867323443083935,0.4867323443083935,0.03678254562007743,0.03678254562007743
across_training_seeds,R0,reconstruction,,3,pairwise_common_clean_correct,-39.0,0.3157497008111276,0.3157497008111276,0.04314287087286254,0.04314287087286254
across_training_seeds,R0,reconstruction,,3,pairwise_common_clean_correct,-38.0,0.3157497008111276,0.3157497008111276,0.04314287087286254,0.04314287087286254
across_training_seeds,R0,reconstruction,,3,pairwise_common_clean_correct,-37.0,0.2614732927507903,0.2614732927507903,0.04694775711040926,0.04694775711040926
across_training_seeds,R0,reconstruction,,3,pairwise_common_clean_correct,-36.0,0.2161214386567181,0.2161214386567181,0.03677939687779828,0.03677939687779828
across_training_seeds,R0,reconstruction,,3,pairwise_common_clean_correct,-35.0,0.1347177782089612,0.1347177782089612,0.02508382054749575,0.02508382054749575
across_training_seeds,R0,reconstruction,,3,pairwise_common_clean_correct,-34.0,0.1347177782089612,0.1347177782089612,0.02508382054749575,0.02508382054749575
across_training_seeds,R0,reconstruction,,3,pairwise_common_clean_correct,-33.0,0.08745360234240991,0.08745360234240991,0.01847265107237009,0.01847265107237009
across_training_seeds,R0,reconstruction,,3,pairwise_common_clean_correct,-32.0,0.06072997326326695,0.06072997326326695,0.015184357370149454,0.015184357370149454
across_training_seeds,R0,reconstruction,,3,pairwise_common_clean_correct,-31.0,0.03783454575312159,0.03783454575312159,0.008514529676856527,0.008514529676856527
across_training_seeds,R0,reconstruction,,3,pairwise_common_clean_correct,-30.0,0.02871203668148879,0.02871203668148879,0.007580316563926157,0.007580316563926157
across_training_seeds,R0,reconstruction,,3,pairwise_common_clean_correct,-29.0,0.020561838649923347,0.020561838649923347,0.004982657310798774,0.004982657310798774
across_training_seeds,R0,reconstruction,,3,pairwise_common_clean_correct,-28.0,0.012468665921136874,0.012468665921136874,0.002782799171609823,0.002782799171609823
across_training_seeds,R0,reconstruction,,3,pairwise_common_clean_correct,-27.0,0.008852638131109017,0.008852638131109017,0.0027850774029543183,0.0027850774029543183
across_training_seeds,R0,reconstruction,,3,pairwise_common_clean_correct,-26.0,0.003002872046956,0.003002872046956,0.0017451611923206824,0.0017451611923206824
across_training_seeds,R0,reconstruction,,3,pairwise_common_clean_correct,-25.0,0.0014659705670941627,0.0014659705670941627,0.0013108286682675834,0.0013108286682675834
across_training_seeds,R0,reconstruction,,3,pairwise_common_clean_correct,-24.0,0.0008417508417508418,0.0008417508417508418,0.001457955225226328,0.001457955225226328
across_training_seeds,R0,reconstruction,,3,pairwise_common_clean_correct,-23.0,0.0008417508417508418,0.0008417508417508418,0.001457955225226328,0.001457955225226328
across_training_seeds,R0,reconstruction,,3,pairwise_common_clean_correct,-22.0,0.0,0.0,0.0,0.0
across_training_seeds,R0,reconstruction,,3,pairwise_common_clean_correct,-21.0,0.0,0.0,0.0,0.0
across_training_seeds,R0,reconstruction,,3,pairwise_common_clean_correct,-20.0,0.0,0.0,0.0,0.0
across_training_seeds,R0,reconstruction,,3,pairwise_common_clean_correct,-19.0,0.0,0.0,0.0,0.0
across_training_seeds,R0,reconstruction,,3,pairwise_common_clean_correct,-18.0,0.0,0.0,0.0,0.0
across_training_seeds,R0,reconstruction,,3,pairwise_common_clean_correct,-17.0,0.0,0.0,0.0,0.0
across_training_seeds,R0,reconstruction,,3,pairwise_common_clean_correct,-16.0,0.0,0.0,0.0,0.0
across_training_seeds,R0,reconstruction,,3,pairwise_common_clean_correct,-15.0,0.0,0.0,0.0,0.0
across_training_seeds,R0,reconstruction,,3,pairwise_common_clean_correct,-14.0,0.0,0.0,0.0,0.0
across_training_seeds,R0,reconstruction,,3,pairwise_common_clean_correct,-13.0,0.0,0.0,0.0,0.0
across_training_seeds,R0,reconstruction,,3,pairwise_common_clean_correct,-12.0,0.0,0.0,0.0,0.0
across_training_seeds,R0,reconstruction,,3,pairwise_common_clean_correct,-11.0,0.0,0.0,0.0,0.0
across_training_seeds,R0,reconstruction,,3,pairwise_common_clean_correct,-10.0,0.0,0.0,0.0,0.0
across_training_seeds,R0,reconstruction,,3,pairwise_common_clean_correct,-9.0,0.0,0.0,0.0,0.0
across_training_seeds,R0,reconstruction,,3,pairwise_common_clean_correct,-8.0,0.0,0.0,0.0,0.0
across_training_seeds,R0,reconstruction,,3,pairwise_common_clean_correct,-7.0,0.0,0.0,0.0,0.0
across_training_seeds,R0,reconstruction,,3,pairwise_common_clean_correct,-6.0,0.0,0.0,0.0,0.0
across_training_seeds,R0,reconstruction,,3,pairwise_common_clean_correct,-5.0,0.0,0.0,0.0,0.0
across_training_seeds,R0,reconstruction,,3,pairwise_common_clean_correct,-4.0,0.0,0.0,0.0,0.0
across_training_seeds,R0,reconstruction,,3,pairwise_common_clean_correct,-3.0,0.0,0.0,0.0,0.0
across_training_seeds,R0,reconstruction,,3,pairwise_common_clean_correct,-2.0,0.0,0.0,0.0,0.0
across_training_seeds,R0,reconstruction,,3,pairwise_common_clean_correct,-1.0,0.0,0.0,0.0,0.0
across_training_seeds,R0,reconstruction,,3,pairwise_common_clean_correct,0.0,0.0,0.0,0.0,0.0
across_training_seeds,R0,reconstruction,,3,four_cell_common_clean_correct,-40.0,0.48964050559792893,0.48964050559792893,0.027684650936680717,0.027684650936680717
across_training_seeds,R0,reconstruction,,3,four_cell_common_clean_correct,-39.0,0.3203258491128427,0.3203258491128427,0.022388138696711017,0.022388138696711017
across_training_seeds,R0,reconstruction,,3,four_cell_common_clean_correct,-38.0,0.3203258491128427,0.3203258491128427,0.022388138696711017,0.022388138696711017
across_training_seeds,R0,reconstruction,,3,four_cell_common_clean_correct,-37.0,0.263613199985228,0.263613199985228,0.030523955081954546,0.030523955081954546
across_training_seeds,R0,reconstruction,,3,four_cell_common_clean_correct,-36.0,0.21292994471584692,0.21292994471584692,0.014295024235719198,0.014295024235719198
across_training_seeds,R0,reconstruction,,3,four_cell_common_clean_correct,-35.0,0.13834295781820422,0.13834295781820422,0.01288074582313811,0.01288074582313811
across_training_seeds,R0,reconstruction,,3,four_cell_common_clean_correct,-34.0,0.13834295781820422,0.13834295781820422,0.01288074582313811,0.01288074582313811
across_training_seeds,R0,reconstruction,,3,four_cell_common_clean_correct,-33.0,0.09314225694193264,0.09314225694193264,0.015031044759019471,0.015031044759019471
across_training_seeds,R0,reconstruction,,3,four_cell_common_clean_correct,-32.0,0.0721307198222793,0.0721307198222793,0.011557366455044437,0.011557366455044437
across_training_seeds,R0,reconstruction,,3,four_cell_common_clean_correct,-31.0,0.04256679797909041,0.04256679797909041,0.006206077136917451,0.006206077136917451
across_training_seeds,R0,reconstruction,,3,four_cell_common_clean_correct,-30.0,0.035446275237437715,0.035446275237437715,0.0024078901228481004,0.0024078901228481004
across_training_seeds,R0,reconstruction,,3,four_cell_common_clean_correct,-29.0,0.028007123860847912,0.028007123860847912,0.007948875915586675,0.007948875915586675
across_training_seeds,R0,reconstruction,,3,four_cell_common_clean_correct,-28.0,0.01668822791175302,0.01668822791175302,0.0049610662028111725,0.0049610662028111725
across_training_seeds,R0,reconstruction,,3,four_cell_common_clean_correct,-27.0,0.012739174968094095,0.012739174968094095,0.005281522872564081,0.005281522872564081
across_training_seeds,R0,reconstruction,,3,four_cell_common_clean_correct,-26.0,0.002320827320827321,0.002320827320827321,0.0020331518227332496,0.0020331518227332496
across_training_seeds,R0,reconstruction,,3,four_cell_common_clean_correct,-25.0,0.0010582010582010583,0.0010582010582010583,0.0018328579974273838,0.0018328579974273838
across_training_seeds,R0,reconstruction,,3,four_cell_common_clean_correct,-24.0,0.0,0.0,0.0,0.0
across_training_seeds,R0,reconstruction,,3,four_cell_common_clean_correct,-23.0,0.0,0.0,0.0,0.0
across_training_seeds,R0,reconstruction,,3,four_cell_common_clean_correct,-22.0,0.0,0.0,0.0,0.0
across_training_seeds,R0,reconstruction,,3,four_cell_common_clean_correct,-21.0,0.0,0.0,0.0,0.0
across_training_seeds,R0,reconstruction,,3,four_cell_common_clean_correct,-20.0,0.0,0.0,0.0,0.0
across_training_seeds,R0,reconstruction,,3,four_cell_common_clean_correct,-19.0,0.0,0.0,0.0,0.0
across_training_seeds,R0,reconstruction,,3,four_cell_common_clean_correct,-18.0,0.0,0.0,0.0,0.0
across_training_seeds,R0,reconstruction,,3,four_cell_common_clean_correct,-17.0,0.0,0.0,0.0,0.0
across_training_seeds,R0,reconstruction,,3,four_cell_common_clean_correct,-16.0,0.0,0.0,0.0,0.0
across_training_seeds,R0,reconstruction,,3,four_cell_common_clean_correct,-15.0,0.0,0.0,0.0,0.0
across_training_seeds,R0,reconstruction,,3,four_cell_common_clean_correct,-14.0,0.0,0.0,0.0,0.0
across_training_seeds,R0,reconstruction,,3,four_cell_common_clean_correct,-13.0,0.0,0.0,0.0,0.0
across_training_seeds,R0,reconstruction,,3,four_cell_common_clean_correct,-12.0,0.0,0.0,0.0,0.0
across_training_seeds,R0,reconstruction,,3,four_cell_common_clean_correct,-11.0,0.0,0.0,0.0,0.0
across_training_seeds,R0,reconstruction,,3,four_cell_common_clean_correct,-10.0,0.0,0.0,0.0,0.0
across_training_seeds,R0,reconstruction,,3,four_cell_common_clean_correct,-9.0,0.0,0.0,0.0,0.0
across_training_seeds,R0,reconstruction,,3,four_cell_common_clean_correct,-8.0,0.0,0.0,0.0,0.0
across_training_seeds,R0,reconstruction,,3,four_cell_common_clean_correct,-7.0,0.0,0.0,0.0,0.0
across_training_seeds,R0,reconstruction,,3,four_cell_common_clean_correct,-6.0,0.0,0.0,0.0,0.0
across_training_seeds,R0,reconstruction,,3,four_cell_common_clean_correct,-5.0,0.0,0.0,0.0,0.0
across_training_seeds,R0,reconstruction,,3,four_cell_common_clean_correct,-4.0,0.0,0.0,0.0,0.0
across_training_seeds,R0,reconstruction,,3,four_cell_common_clean_correct,-3.0,0.0,0.0,0.0,0.0
across_training_seeds,R0,reconstruction,,3,four_cell_common_clean_correct,-2.0,0.0,0.0,0.0,0.0
across_training_seeds,R0,reconstruction,,3,four_cell_common_clean_correct,-1.0,0.0,0.0,0.0,0.0
across_training_seeds,R0,reconstruction,,3,four_cell_common_clean_correct,0.0,0.0,0.0,0.0,0.0
across_training_seeds,R1,reconstruction,,3,all,-40.0,0.6096666666666666,0.6096666666666666,0.02706165799305975,0.02706165799305975
across_training_seeds,R1,reconstruction,,3,all,-39.0,0.5502222222222223,0.5502222222222223,0.028052200019355447,0.028052200019355447
across_training_seeds,R1,reconstruction,,3,all,-38.0,0.5502222222222223,0.5502222222222223,0.028052200019355447,0.028052200019355447
across_training_seeds,R1,reconstruction,,3,all,-37.0,0.5444444444444444,0.5444444444444444,0.02922961461207396,0.02922961461207396
across_training_seeds,R1,reconstruction,,3,all,-36.0,0.4875555555555555,0.4875555555555555,0.027733520298515075,0.027733520298515075
across_training_seeds,R1,reconstruction,,3,all,-35.0,0.444,0.444,0.028583211855912928,0.028583211855912928
across_training_seeds,R1,reconstruction,,3,all,-34.0,0.427,0.427,0.030300348366167525,0.030300348366167525
across_training_seeds,R1,reconstruction,,3,all,-33.0,0.3733333333333333,0.3733333333333333,0.027088332871880033,0.027088332871880033
across_training_seeds,R1,reconstruction,,3,all,-32.0,0.3261111111111112,0.3261111111111112,0.02283353608993516,0.02283353608993516
across_training_seeds,R1,reconstruction,,3,all,-31.0,0.2922222222222222,0.2922222222222222,0.014630004683424961,0.014630004683424961
across_training_seeds,R1,reconstruction,,3,all,-30.0,0.25044444444444447,0.25044444444444447,0.014530937621094801,0.014530937621094801
across_training_seeds,R1,reconstruction,,3,all,-29.0,0.20966666666666667,0.20966666666666667,0.01153256259467079,0.01153256259467079
across_training_seeds,R1,reconstruction,,3,all,-28.0,0.17844444444444443,0.17844444444444443,0.007350988847565833,0.007350988847565833
across_training_seeds,R1,reconstruction,,3,all,-27.0,0.14033333333333334,0.14033333333333334,0.010413666234542223,0.010413666234542223
across_training_seeds,R1,reconstruction,,3,all,-26.0,0.1131111111111111,0.1131111111111111,0.008009253907084488,0.008009253907084488
across_training_seeds,R1,reconstruction,,3,all,-25.0,0.08655555555555555,0.08655555555555555,0.004550132273209622,0.004550132273209622
across_training_seeds,R1,reconstruction,,3,all,-24.0,0.06422222222222224,0.06422222222222224,0.003168128317640728,0.003168128317640728
across_training_seeds,R1,reconstruction,,3,all,-23.0,0.046000000000000006,0.046000000000000006,0.0008819171036881955,0.0008819171036881955
across_training_seeds,R1,reconstruction,,3,all,-22.0,0.03244444444444445,0.03244444444444445,0.0019531550923607747,0.0019531550923607747
across_training_seeds,R1,reconstruction,,3,all,-21.0,0.022000000000000002,0.022000000000000002,0.002645751311064593,0.002645751311064593
across_training_seeds,R1,reconstruction,,3,all,-20.0,0.01311111111111111,0.01311111111111111,0.002501851166488378,0.002501851166488378
across_training_seeds,R1,reconstruction,,3,all,-19.0,0.007333333333333333,0.007333333333333333,0.0014529663145135578,0.0014529663145135578
across_training_seeds,R1,reconstruction,,3,all,-18.0,0.0038888888888888896,0.0038888888888888896,0.0007698003589195012,0.0007698003589195012
across_training_seeds,R1,reconstruction,,3,all,-17.0,0.0025555555555555557,0.0025555555555555557,0.001018350154434631,0.001018350154434631
across_training_seeds,R1,reconstruction,,3,all,-16.0,0.0013333333333333333,0.0013333333333333333,0.0,0.0
across_training_seeds,R1,reconstruction,,3,all,-15.0,0.0007777777777777777,0.0007777777777777777,0.00038490017945975053,0.00038490017945975053
across_training_seeds,R1,reconstruction,,3,all,-14.0,0.0005555555555555556,0.0005555555555555556,0.0005091750772173156,0.0005091750772173156
across_training_seeds,R1,reconstruction,,3,all,-13.0,0.0003333333333333333,0.0003333333333333333,0.0003333333333333333,0.0003333333333333333
across_training_seeds,R1,reconstruction,,3,all,-12.0,0.0002222222222222222,0.0002222222222222222,0.00019245008972987527,0.00019245008972987527
across_training_seeds,R1,reconstruction,,3,all,-11.0,0.0002222222222222222,0.0002222222222222222,0.00019245008972987527,0.00019245008972987527
across_training_seeds,R1,reconstruction,,3,all,-10.0,0.0001111111111111111,0.0001111111111111111,0.00019245008972987527,0.00019245008972987527
across_training_seeds,R1,reconstruction,,3,all,-9.0,0.0001111111111111111,0.0001111111111111111,0.00019245008972987527,0.00019245008972987527
across_training_seeds,R1,reconstruction,,3,all,-8.0,0.0,0.0,0.0,0.0
across_training_seeds,R1,reconstruction,,3,all,-7.0,0.0,0.0,0.0,0.0
across_training_seeds,R1,reconstruction,,3,all,-6.0,0.0,0.0,0.0,0.0
across_training_seeds,R1,reconstruction,,3,all,-5.0,0.0,0.0,0.0,0.0
across_training_seeds,R1,reconstruction,,3,all,-4.0,0.0,0.0,0.0,0.0
across_training_seeds,R1,reconstruction,,3,all,-3.0,0.0,0.0,0.0,0.0
across_training_seeds,R1,reconstruction,,3,all,-2.0,0.0,0.0,0.0,0.0
across_training_seeds,R1,reconstruction,,3,all,-1.0,0.0,0.0,0.0,0.0
across_training_seeds,R1,reconstruction,,3,all,0.0,0.0,0.0,0.0,0.0
across_training_seeds,R1,reconstruction,,3,pairwise_common_clean_correct,-40.0,0.8677508886356137,0.8677508886356137,0.005671589208710449,0.005671589208710449
across_training_seeds,R1,reconstruction,,3,pairwise_common_clean_correct,-39.0,0.7977806532220982,0.7977806532220982,0.005067934332706899,0.005067934332706899
across_training_seeds,R1,reconstruction,,3,pairwise_common_clean_correct,-38.0,0.7977806532220982,0.7977806532220982,0.005067934332706899,0.005067934332706899
across_training_seeds,R1,reconstruction,,3,pairwise_common_clean_correct,-37.0,0.7821807215115469,0.7821807215115469,0.010331414978602039,0.010331414978602039
across_training_seeds,R1,reconstruction,,3,pairwise_common_clean_correct,-36.0,0.7188181646542057,0.7188181646542057,0.009439386515184863,0.009439386515184863
across_training_seeds,R1,reconstruction,,3,pairwise_common_clean_correct,-35.0,0.6594529312270129,0.6594529312270129,0.019437292967436383,0.019437292967436383
across_training_seeds,R1,reconstruction,,3,pairwise_common_clean_correct,-34.0,0.6480795397794742,0.6480795397794742,0.01766394011257352,0.01766394011257352
across_training_seeds,R1,reconstruction,,3,pairwise_common_clean_correct,-33.0,0.5803464105259925,0.5803464105259925,0.015190028046679894,0.015190028046679894
across_training_seeds,R1,reconstruction,,3,pairwise_common_clean_correct,-32.0,0.5195468193770013,0.5195468193770013,0.03376651940346772,0.03376651940346772
across_training_seeds,R1,reconstruction,,3,pairwise_common_clean_correct,-31.0,0.4739948246484585,0.4739948246484585,0.03475015243136274,0.03475015243136274
across_training_seeds,R1,reconstruction,,3,pairwise_common_clean_correct,-30.0,0.41038327080409714,0.41038327080409714,0.03135952058279841,0.03135952058279841
across_training_seeds,R1,reconstruction,,3,pairwise_common_clean_correct,-29.0,0.3495686492797918,0.3495686492797918,0.036200898676447386,0.036200898676447386
across_training_seeds,R1,reconstruction,,3,pairwise_common_clean_correct,-28.0,0.31249719013193294,0.31249719013193294,0.03204600710384301,0.03204600710384301
across_training_seeds,R1,reconstruction,,3,pairwise_common_clean_correct,-27.0,0.25143027028846804,0.25143027028846804,0.02173173701389947,0.02173173701389947
across_training_seeds,R1,reconstruction,,3,pairwise_common_clean_correct,-26.0,0.21500632164174957,0.21500632164174957,0.013346972076870878,0.013346972076870878
across_training_seeds,R1,reconstruction,,3,pairwise_common_clean_correct,-25.0,0.17715280799061062,0.17715280799061062,0.009477857880358088,0.009477857880358088
across_training_seeds,R1,reconstruction,,3,pairwise_common_clean_correct,-24.0,0.14464011504039925,0.14464011504039925,0.011524092713205831,0.011524092713205831
across_training_seeds,R1,reconstruction,,3,pairwise_common_clean_correct,-23.0,0.11038796817470531,0.11038796817470531,0.010687515716116062,0.010687515716116062
across_training_seeds,R1,reconstruction,,3,pairwise_common_clean_correct,-22.0,0.08458009274782619,0.08458009274782619,0.003572844978835235,0.003572844978835235
across_training_seeds,R1,reconstruction,,3,pairwise_common_clean_correct,-21.0,0.06024924126525023,0.06024924126525023,0.008118194877587071,0.008118194877587071
across_training_seeds,R1,reconstruction,,3,pairwise_common_clean_correct,-20.0,0.03845638614620447,0.03845638614620447,0.00893104552723154,0.00893104552723154
across_training_seeds,R1,reconstruction,,3,pairwise_common_clean_correct,-19.0,0.02051675694684092,0.02051675694684092,0.0047118743565426665,0.0047118743565426665
across_training_seeds,R1,reconstruction,,3,pairwise_common_clean_correct,-18.0,0.012389866384070886,0.012389866384070886,0.002912640785346637,0.002912640785346637
across_training_seeds,R1,reconstruction,,3,pairwise_common_clean_correct,-17.0,0.008158937883185622,0.008158937883185622,0.004733413095744042,0.004733413095744042
across_training_seeds,R1,reconstruction,,3,pairwise_common_clean_correct,-16.0,0.005049613345289655,0.005049613345289655,0.0013018042249871367,0.0013018042249871367
across_training_seeds,R1,reconstruction,,3,pairwise_common_clean_correct,-15.0,0.0014534071216948964,0.0014534071216948964,0.0012956931059868364,0.0012956931059868364
across_training_seeds,R1,reconstruction,,3,pairwise_common_clean_correct,-14.0,0.0006242197253433209,0.0006242197253433209,0.0010811802793813216,0.0010811802793813216
across_training_seeds,R1,reconstruction,,3,pairwise_common_clean_correct,-13.0,0.0,0.0,0.0,0.0
across_training_seeds,R1,reconstruction,,3,pairwise_common_clean_correct,-12.0,0.0,0.0,0.0,0.0
across_training_seeds,R1,reconstruction,,3,pairwise_common_clean_correct,-11.0,0.0,0.0,0.0,0.0
across_training_seeds,R1,reconstruction,,3,pairwise_common_clean_correct,-10.0,0.0,0.0,0.0,0.0
across_training_seeds,R1,reconstruction,,3,pairwise_common_clean_correct,-9.0,0.0,0.0,0.0,0.0
across_training_seeds,R1,reconstruction,,3,pairwise_common_clean_correct,-8.0,0.0,0.0,0.0,0.0
across_training_seeds,R1,reconstruction,,3,pairwise_common_clean_correct,-7.0,0.0,0.0,0.0,0.0
across_training_seeds,R1,reconstruction,,3,pairwise_common_clean_correct,-6.0,0.0,0.0,0.0,0.0
across_training_seeds,R1,reconstruction,,3,pairwise_common_clean_correct,-5.0,0.0,0.0,0.0,0.0
across_training_seeds,R1,reconstruction,,3,pairwise_common_clean_correct,-4.0,0.0,0.0,0.0,0.0
across_training_seeds,R1,reconstruction,,3,pairwise_common_clean_correct,-3.0,0.0,0.0,0.0,0.0
across_training_seeds,R1,reconstruction,,3,pairwise_common_clean_correct,-2.0,0.0,0.0,0.0,0.0
across_training_seeds,R1,reconstruction,,3,pairwise_common_clean_correct,-1.0,0.0,0.0,0.0,0.0
across_training_seeds,R1,reconstruction,,3,pairwise_common_clean_correct,0.0,0.0,0.0,0.0,0.0
across_training_seeds,R1,reconstruction,,3,four_cell_common_clean_correct,-40.0,0.9062945743547429,0.9062945743547429,0.026732116450640275,0.026732116450640275
across_training_seeds,R1,reconstruction,,3,four_cell_common_clean_correct,-39.0,0.8580664040490689,0.8580664040490689,0.024936528204865964,0.024936528204865964
across_training_seeds,R1,reconstruction,,3,four_cell_common_clean_correct,-38.0,0.8580664040490689,0.8580664040490689,0.024936528204865964,0.024936528204865964
across_training_seeds,R1,reconstruction,,3,four_cell_common_clean_correct,-37.0,0.8462271632844347,0.8462271632844347,0.028155148916428098,0.028155148916428098
across_training_seeds,R1,reconstruction,,3,four_cell_common_clean_correct,-36.0,0.8052725003573125,0.8052725003573125,0.039399955001206126,0.039399955001206126
across_training_seeds,R1,reconstruction,,3,four_cell_common_clean_correct,-35.0,0.7598150499239891,0.7598150499239891,0.045355460716127984,0.045355460716127984
across_training_seeds,R1,reconstruction,,3,four_cell_common_clean_correct,-34.0,0.7471697021731624,0.7471697021731624,0.04261453176918254,0.04261453176918254
across_training_seeds,R1,reconstruction,,3,four_cell_common_clean_correct,-33.0,0.6857131224134,0.6857131224134,0.03367334743749862,0.03367334743749862
across_training_seeds,R1,reconstruction,,3,four_cell_common_clean_correct,-32.0,0.6353993615783277,0.6353993615783277,0.033294306051265904,0.033294306051265904
across_training_seeds,R1,reconstruction,,3,four_cell_common_clean_correct,-31.0,0.59453006594693,0.59453006594693,0.03580732486096511,0.03580732486096511
across_training_seeds,R1,reconstruction,,3,four_cell_common_clean_correct,-30.0,0.5331333320826023,0.5331333320826023,0.026739224949171733,0.026739224949171733
across_training_seeds,R1,reconstruction,,3,four_cell_common_clean_correct,-29.0,0.4739378062848912,0.4739378062848912,0.020022606941983438,0.020022606941983438
across_training_seeds,R1,reconstruction,,3,four_cell_common_clean_correct,-28.0,0.4349264314297223,0.4349264314297223,0.014616173171371814,0.014616173171371814
across_training_seeds,R1,reconstruction,,3,four_cell_common_clean_correct,-27.0,0.3597526362910639,0.3597526362910639,0.01480430921260791,0.01480430921260791
across_training_seeds,R1,reconstruction,,3,four_cell_common_clean_correct,-26.0,0.3118042774571656,0.3118042774571656,0.017805943101609992,0.017805943101609992
across_training_seeds,R1,reconstruction,,3,four_cell_common_clean_correct,-25.0,0.26154855332190013,0.26154855332190013,0.009877142484309332,0.009877142484309332
across_training_seeds,R1,reconstruction,,3,four_cell_common_clean_correct,-24.0,0.2224029556620232,0.2224029556620232,0.006419090228353242,0.006419090228353242
across_training_seeds,R1,reconstruction,,3,four_cell_common_clean_correct,-23.0,0.17529478729070222,0.17529478729070222,0.03220022889299684,0.03220022889299684
across_training_seeds,R1,reconstruction,,3,four_cell_common_clean_correct,-22.0,0.13397780288360828,0.13397780288360828,0.012149631853882185,0.012149631853882185
across_training_seeds,R1,reconstruction,,3,four_cell_common_clean_correct,-21.0,0.0967474717731261,0.0967474717731261,0.01023927750366829,0.01023927750366829
across_training_seeds,R1,reconstruction,,3,four_cell_common_clean_correct,-20.0,0.059250237072007474,0.059250237072007474,0.017506203645121923,0.017506203645121923
across_training_seeds,R1,reconstruction,,3,four_cell_common_clean_correct,-19.0,0.03154922453571226,0.03154922453571226,0.007349720510602588,0.007349720510602588
across_training_seeds,R1,reconstruction,,3,four_cell_common_clean_correct,-18.0,0.017140387912638454,0.017140387912638454,0.0033403323693939604,0.0033403323693939604
across_training_seeds,R1,reconstruction,,3,four_cell_common_clean_correct,-17.0,0.012043231668036461,0.012043231668036461,0.004738764202795611,0.004738764202795611
across_training_seeds,R1,reconstruction,,3,four_cell_common_clean_correct,-16.0,0.007731868568579814,0.007731868568579814,0.0013905051327740914,0.0013905051327740914
across_training_seeds,R1,reconstruction,,3,four_cell_common_clean_correct,-15.0,0.0025201893622946257,0.0025201893622946257,0.002265030933838327,0.002265030933838327
across_training_seeds,R1,reconstruction,,3,four_cell_common_clean_correct,-14.0,0.0010582010582010583,0.0010582010582010583,0.0018328579974273838,0.0018328579974273838
across_training_seeds,R1,reconstruction,,3,four_cell_common_clean_correct,-13.0,0.0,0.0,0.0,0.0
across_training_seeds,R1,reconstruction,,3,four_cell_common_clean_correct,-12.0,0.0,0.0,0.0,0.0
across_training_seeds,R1,reconstruction,,3,four_cell_common_clean_correct,-11.0,0.0,0.0,0.0,0.0
across_training_seeds,R1,reconstruction,,3,four_cell_common_clean_correct,-10.0,0.0,0.0,0.0,0.0
across_training_seeds,R1,reconstruction,,3,four_cell_common_clean_correct,-9.0,0.0,0.0,0.0,0.0
across_training_seeds,R1,reconstruction,,3,four_cell_common_clean_correct,-8.0,0.0,0.0,0.0,0.0
across_training_seeds,R1,reconstruction,,3,four_cell_common_clean_correct,-7.0,0.0,0.0,0.0,0.0
across_training_seeds,R1,reconstruction,,3,four_cell_common_clean_correct,-6.0,0.0,0.0,0.0,0.0
across_training_seeds,R1,reconstruction,,3,four_cell_common_clean_correct,-5.0,0.0,0.0,0.0,0.0
across_training_seeds,R1,reconstruction,,3,four_cell_common_clean_correct,-4.0,0.0,0.0,0.0,0.0
across_training_seeds,R1,reconstruction,,3,four_cell_common_clean_correct,-3.0,0.0,0.0,0.0,0.0
across_training_seeds,R1,reconstruction,,3,four_cell_common_clean_correct,-2.0,0.0,0.0,0.0,0.0
across_training_seeds,R1,reconstruction,,3,four_cell_common_clean_correct,-1.0,0.0,0.0,0.0,0.0
across_training_seeds,R1,reconstruction,,3,four_cell_common_clean_correct,0.0,0.0,0.0,0.0,0.0
across_training_seeds,C0,classification,,3,all,-40.0,0.48033333333333333,0.48033333333333333,0.027137509916063486,0.027137509916063486
across_training_seeds,C0,classification,,3,all,-39.0,0.4323333333333334,0.4323333333333334,0.031050138664925668,0.031050138664925668
across_training_seeds,C0,classification,,3,all,-38.0,0.4323333333333334,0.4323333333333334,0.031050138664925668,0.031050138664925668
across_training_seeds,C0,classification,,3,all,-37.0,0.43077777777777776,0.43077777777777776,0.032080338965605554,0.032080338965605554
across_training_seeds,C0,classification,,3,all,-36.0,0.3881111111111111,0.3881111111111111,0.040821200011395636,0.040821200011395636
across_training_seeds,C0,classification,,3,all,-35.0,0.38599999999999995,0.38599999999999995,0.04130778780488414,0.04130778780488414
across_training_seeds,C0,classification,,3,all,-34.0,0.3464444444444444,0.3464444444444444,0.043717951224402765,0.043717951224402765
across_training_seeds,C0,classification,,3,all,-33.0,0.30944444444444447,0.30944444444444447,0.04600040257472793,0.04600040257472793
across_training_seeds,C0,classification,,3,all,-32.0,0.3007777777777778,0.3007777777777778,0.04599677927533302,0.04599677927533302
across_training_seeds,C0,classification,,3,all,-31.0,0.2683333333333333,0.2683333333333333,0.04478218891975295,0.04478218891975295
across_training_seeds,C0,classification,,3,all,-30.0,0.2328888888888889,0.2328888888888889,0.044169287134002144,0.044169287134002144
across_training_seeds,C0,classification,,3,all,-29.0,0.19666666666666668,0.19666666666666668,0.04282911782109614,0.04282911782109614
across_training_seeds,C0,classification,,3,all,-28.0,0.14300000000000002,0.14300000000000002,0.041654664938168814,0.041654664938168814
across_training_seeds,C0,classification,,3,all,-27.0,0.11855555555555557,0.11855555555555557,0.034612671625244965,0.034612671625244965
across_training_seeds,C0,classification,,3,all,-26.0,0.09377777777777778,0.09377777777777778,0.02731774623315875,0.02731774623315875
across_training_seeds,C0,classification,,3,all,-25.0,0.0641111111111111,0.0641111111111111,0.01888660116865138,0.01888660116865138
across_training_seeds,C0,classification,,3,all,-24.0,0.03922222222222222,0.03922222222222222,0.012388764324236762,0.012388764324236762
across_training_seeds,C0,classification,,3,all,-23.0,0.02288888888888889,0.02288888888888889,0.009799848827254277,0.009799848827254277
across_training_seeds,C0,classification,,3,all,-22.0,0.012888888888888887,0.012888888888888887,0.007065828042482064,0.007065828042482064
across_training_seeds,C0,classification,,3,all,-21.0,0.006777777777777778,0.006777777777777778,0.003532914021241032,0.003532914021241032
across_training_seeds,C0,classification,,3,all,-20.0,0.002777777777777778,0.002777777777777778,0.001503083250940965,0.001503083250940965
across_training_seeds,C0,classification,,3,all,-19.0,0.0006666666666666666,0.0006666666666666666,0.0006666666666666666,0.0006666666666666666
across_training_seeds,C0,classification,,3,all,-18.0,0.0002222222222222222,0.0002222222222222222,0.00038490017945975053,0.00038490017945975053
across_training_seeds,C0,classification,,3,all,-17.0,0.0001111111111111111,0.0001111111111111111,0.00019245008972987527,0.00019245008972987527
across_training_seeds,C0,classification,,3,all,-16.0,0.0,0.0,0.0,0.0
across_training_seeds,C0,classification,,3,all,-15.0,0.0,0.0,0.0,0.0
across_training_seeds,C0,classification,,3,all,-14.0,0.0,0.0,0.0,0.0
across_training_seeds,C0,classification,,3,all,-13.0,0.0,0.0,0.0,0.0
across_training_seeds,C0,classification,,3,all,-12.0,0.0,0.0,0.0,0.0
across_training_seeds,C0,classification,,3,all,-11.0,0.0,0.0,0.0,0.0
across_training_seeds,C0,classification,,3,all,-10.0,0.0,0.0,0.0,0.0
across_training_seeds,C0,classification,,3,all,-9.0,0.0,0.0,0.0,0.0
across_training_seeds,C0,classification,,3,all,-8.0,0.0,0.0,0.0,0.0
across_training_seeds,C0,classification,,3,all,-7.0,0.0,0.0,0.0,0.0
across_training_seeds,C0,classification,,3,all,-6.0,0.0,0.0,0.0,0.0
across_training_seeds,C0,classification,,3,all,-5.0,0.0,0.0,0.0,0.0
across_training_seeds,C0,classification,,3,all,-4.0,0.0,0.0,0.0,0.0
across_training_seeds,C0,classification,,3,all,-3.0,0.0,0.0,0.0,0.0
across_training_seeds,C0,classification,,3,all,-2.0,0.0,0.0,0.0,0.0
across_training_seeds,C0,classification,,3,all,-1.0,0.0,0.0,0.0,0.0
across_training_seeds,C0,classification,,3,all,0.0,0.0,0.0,0.0,0.0
across_training_seeds,C0,classification,,3,pairwise_common_clean_correct,-40.0,0.8665989580778725,0.8665989580778725,0.018407746256836752,0.018407746256836752
across_training_seeds,C0,classification,,3,pairwise_common_clean_correct,-39.0,0.797158908366872,0.797158908366872,0.025855050483435664,0.025855050483435664
across_training_seeds,C0,classification,,3,pairwise_common_clean_correct,-38.0,0.797158908366872,0.797158908366872,0.025855050483435664,0.025855050483435664
across_training_seeds,C0,classification,,3,pairwise_common_clean_correct,-37.0,0.7943123772093682,0.7943123772093682,0.027650375446358247,0.027650375446358247
across_training_seeds,C0,classification,,3,pairwise_common_clean_correct,-36.0,0.7259724602355538,0.7259724602355538,0.04558785300318838,0.04558785300318838
across_training_seeds,C0,classification,,3,pairwise_common_clean_correct,-35.0,0.7219483582403267,0.7219483582403267,0.047411933224140064,0.047411933224140064
across_training_seeds,C0,classification,,3,pairwise_common_clean_correct,-34.0,0.6568793554267693,0.6568793554267693,0.05554825354345091,0.05554825354345091
across_training_seeds,C0,classification,,3,pairwise_common_clean_correct,-33.0,0.5932005794430064,0.5932005794430064,0.06199693807452492,0.06199693807452492
across_training_seeds,C0,classification,,3,pairwise_common_clean_correct,-32.0,0.5781048401929575,0.5781048401929575,0.061677128423118406,0.061677128423118406
across_training_seeds,C0,classification,,3,pairwise_common_clean_correct,-31.0,0.5207312233442952,0.5207312233442952,0.06327654716431275,0.06327654716431275
across_training_seeds,C0,classification,,3,pairwise_common_clean_correct,-30.0,0.4549194474872973,0.4549194474872973,0.06675402715749076,0.06675402715749076
across_training_seeds,C0,classification,,3,pairwise_common_clean_correct,-29.0,0.38702380632492855,0.38702380632492855,0.06881992749705763,0.06881992749705763
across_training_seeds,C0,classification,,3,pairwise_common_clean_correct,-28.0,0.28595294314781056,0.28595294314781056,0.07052474034450402,0.07052474034450402
across_training_seeds,C0,classification,,3,pairwise_common_clean_correct,-27.0,0.23725817850310826,0.23725817850310826,0.057997669670765306,0.057997669670765306
across_training_seeds,C0,classification,,3,pairwise_common_clean_correct,-26.0,0.1887745267316763,0.1887745267316763,0.0458048549532141,0.0458048549532141
across_training_seeds,C0,classification,,3,pairwise_common_clean_correct,-25.0,0.130052566934274,0.130052566934274,0.03253339245332517,0.03253339245332517
across_training_seeds,C0,classification,,3,pairwise_common_clean_correct,-24.0,0.08017020940072378,0.08017020940072378,0.02093350142107215,0.02093350142107215
across_training_seeds,C0,classification,,3,pairwise_common_clean_correct,-23.0,0.04665731052250829,0.04665731052250829,0.01777566492830301,0.01777566492830301
across_training_seeds,C0,classification,,3,pairwise_common_clean_correct,-22.0,0.026193042793580604,0.026193042793580604,0.013222661125956846,0.013222661125956846
across_training_seeds,C0,classification,,3,pairwise_common_clean_correct,-21.0,0.01390410492138755,0.01390410492138755,0.006730169909873593,0.006730169909873593
across_training_seeds,C0,classification,,3,pairwise_common_clean_correct,-20.0,0.005708345011057272,0.005708345011057272,0.002862849508738985,0.002862849508738985
across_training_seeds,C0,classification,,3,pairwise_common_clean_correct,-19.0,0.0013475288768331458,0.0013475288768331458,0.0013586067040806833,0.0013586067040806833
across_training_seeds,C0,classification,,3,pairwise_common_clean_correct,-18.0,0.00045351473922902497,0.00045351473922902497,0.0007855105703260216,0.0007855105703260216
across_training_seeds,C0,classification,,3,pairwise_common_clean_correct,-17.0,0.00022675736961451248,0.00022675736961451248,0.0003927552851630108,0.0003927552851630108
across_training_seeds,C0,classification,,3,pairwise_common_clean_correct,-16.0,0.0,0.0,0.0,0.0
across_training_seeds,C0,classification,,3,pairwise_common_clean_correct,-15.0,0.0,0.0,0.0,0.0
across_training_seeds,C0,classification,,3,pairwise_common_clean_correct,-14.0,0.0,0.0,0.0,0.0
across_training_seeds,C0,classification,,3,pairwise_common_clean_correct,-13.0,0.0,0.0,0.0,0.0
across_training_seeds,C0,classification,,3,pairwise_common_clean_correct,-12.0,0.0,0.0,0.0,0.0
across_training_seeds,C0,classification,,3,pairwise_common_clean_correct,-11.0,0.0,0.0,0.0,0.0
across_training_seeds,C0,classification,,3,pairwise_common_clean_correct,-10.0,0.0,0.0,0.0,0.0
across_training_seeds,C0,classification,,3,pairwise_common_clean_correct,-9.0,0.0,0.0,0.0,0.0
across_training_seeds,C0,classification,,3,pairwise_common_clean_correct,-8.0,0.0,0.0,0.0,0.0
across_training_seeds,C0,classification,,3,pairwise_common_clean_correct,-7.0,0.0,0.0,0.0,0.0
across_training_seeds,C0,classification,,3,pairwise_common_clean_correct,-6.0,0.0,0.0,0.0,0.0
across_training_seeds,C0,classification,,3,pairwise_common_clean_correct,-5.0,0.0,0.0,0.0,0.0
across_training_seeds,C0,classification,,3,pairwise_common_clean_correct,-4.0,0.0,0.0,0.0,0.0
across_training_seeds,C0,classification,,3,pairwise_common_clean_correct,-3.0,0.0,0.0,0.0,0.0
across_training_seeds,C0,classification,,3,pairwise_common_clean_correct,-2.0,0.0,0.0,0.0,0.0
across_training_seeds,C0,classification,,3,pairwise_common_clean_correct,-1.0,0.0,0.0,0.0,0.0
across_training_seeds,C0,classification,,3,pairwise_common_clean_correct,0.0,0.0,0.0,0.0,0.0
across_training_seeds,C0,classification,,3,four_cell_common_clean_correct,-40.0,0.88732745831393,0.88732745831393,0.03491113105076002,0.03491113105076002
across_training_seeds,C0,classification,,3,four_cell_common_clean_correct,-39.0,0.8313765006752614,0.8313765006752614,0.027630920484317117,0.027630920484317117
across_training_seeds,C0,classification,,3,four_cell_common_clean_correct,-38.0,0.8313765006752614,0.8313765006752614,0.027630920484317117,0.027630920484317117
across_training_seeds,C0,classification,,3,four_cell_common_clean_correct,-37.0,0.8269655183273598,0.8269655183273598,0.032100460470931375,0.032100460470931375
across_training_seeds,C0,classification,,3,four_cell_common_clean_correct,-36.0,0.7564373204525724,0.7564373204525724,0.054949886397354784,0.054949886397354784
across_training_seeds,C0,classification,,3,four_cell_common_clean_correct,-35.0,0.7507088641083802,0.7507088641083802,0.058355477445634435,0.058355477445634435
across_training_seeds,C0,classification,,3,four_cell_common_clean_correct,-34.0,0.6915784957447705,0.6915784957447705,0.06042705682929886,0.06042705682929886
across_training_seeds,C0,classification,,3,four_cell_common_clean_correct,-33.0,0.6093513481261329,0.6093513481261329,0.06126055601362158,0.06126055601362158
across_training_seeds,C0,classification,,3,four_cell_common_clean_correct,-32.0,0.5893202412842679,0.5893202412842679,0.058570842666309346,0.058570842666309346
across_training_seeds,C0,classification,,3,four_cell_common_clean_correct,-31.0,0.5309333679147822,0.5309333679147822,0.053890423704522704,0.053890423704522704
across_training_seeds,C0,classification,,3,four_cell_common_clean_correct,-30.0,0.4603948100452735,0.4603948100452735,0.06120142521325674,0.06120142521325674
across_training_seeds,C0,classification,,3,four_cell_common_clean_correct,-29.0,0.4021494164710442,0.4021494164710442,0.07093009331185368,0.07093009331185368
across_training_seeds,C0,classification,,3,four_cell_common_clean_correct,-28.0,0.29969312153790134,0.29969312153790134,0.09337894110783379,0.09337894110783379
across_training_seeds,C0,classification,,3,four_cell_common_clean_correct,-27.0,0.23657534726037624,0.23657534726037624,0.07384920439977447,0.07384920439977447
across_training_seeds,C0,classification,,3,four_cell_common_clean_correct,-26.0,0.18707532890262238,0.18707532890262238,0.07043244057050226,0.07043244057050226
across_training_seeds,C0,classification,,3,four_cell_common_clean_correct,-25.0,0.11128392666879616,0.11128392666879616,0.04009528187056015,0.04009528187056015
across_training_seeds,C0,classification,,3,four_cell_common_clean_correct,-24.0,0.05707744125847499,0.05707744125847499,0.030389219808683008,0.030389219808683008
across_training_seeds,C0,classification,,3,four_cell_common_clean_correct,-23.0,0.03077820416743335,0.03077820416743335,0.019052330696628428,0.019052330696628428
across_training_seeds,C0,classification,,3,four_cell_common_clean_correct,-22.0,0.017489262323333657,0.017489262323333657,0.015146690501021154,0.015146690501021154
across_training_seeds,C0,classification,,3,four_cell_common_clean_correct,-21.0,0.012777307163902213,0.012777307163902213,0.011070344918997329,0.011070344918997329
across_training_seeds,C0,classification,,3,four_cell_common_clean_correct,-20.0,0.006873020140192047,0.006873020140192047,0.005996089825889456,0.005996089825889456
across_training_seeds,C0,classification,,3,four_cell_common_clean_correct,-19.0,0.0021369497097652435,0.0021369497097652435,0.0037013054705329683,0.0037013054705329683
across_training_seeds,C0,classification,,3,four_cell_common_clean_correct,-18.0,0.0,0.0,0.0,0.0
across_training_seeds,C0,classification,,3,four_cell_common_clean_correct,-17.0,0.0,0.0,0.0,0.0
across_training_seeds,C0,classification,,3,four_cell_common_clean_correct,-16.0,0.0,0.0,0.0,0.0
across_training_seeds,C0,classification,,3,four_cell_common_clean_correct,-15.0,0.0,0.0,0.0,0.0
across_training_seeds,C0,classification,,3,four_cell_common_clean_correct,-14.0,0.0,0.0,0.0,0.0
across_training_seeds,C0,classification,,3,four_cell_common_clean_correct,-13.0,0.0,0.0,0.0,0.0
across_training_seeds,C0,classification,,3,four_cell_common_clean_correct,-12.0,0.0,0.0,0.0,0.0
across_training_seeds,C0,classification,,3,four_cell_common_clean_correct,-11.0,0.0,0.0,0.0,0.0
across_training_seeds,C0,classification,,3,four_cell_common_clean_correct,-10.0,0.0,0.0,0.0,0.0
across_training_seeds,C0,classification,,3,four_cell_common_clean_correct,-9.0,0.0,0.0,0.0,0.0
across_training_seeds,C0,classification,,3,four_cell_common_clean_correct,-8.0,0.0,0.0,0.0,0.0
across_training_seeds,C0,classification,,3,four_cell_common_clean_correct,-7.0,0.0,0.0,0.0,0.0
across_training_seeds,C0,classification,,3,four_cell_common_clean_correct,-6.0,0.0,0.0,0.0,0.0
across_training_seeds,C0,classification,,3,four_cell_common_clean_correct,-5.0,0.0,0.0,0.0,0.0
across_training_seeds,C0,classification,,3,four_cell_common_clean_correct,-4.0,0.0,0.0,0.0,0.0
across_training_seeds,C0,classification,,3,four_cell_common_clean_correct,-3.0,0.0,0.0,0.0,0.0
across_training_seeds,C0,classification,,3,four_cell_common_clean_correct,-2.0,0.0,0.0,0.0,0.0
across_training_seeds,C0,classification,,3,four_cell_common_clean_correct,-1.0,0.0,0.0,0.0,0.0
across_training_seeds,C0,classification,,3,four_cell_common_clean_correct,0.0,0.0,0.0,0.0,0.0
across_training_seeds,C1,classification,,3,all,-40.0,0.5435555555555555,0.5435555555555555,0.034367835953812216,0.034367835953812216
across_training_seeds,C1,classification,,3,all,-39.0,0.5072222222222224,0.5072222222222224,0.03350013819761437,0.03350013819761437
across_training_seeds,C1,classification,,3,all,-38.0,0.5072222222222224,0.5072222222222224,0.03350013819761437,0.03350013819761437
across_training_seeds,C1,classification,,3,all,-37.0,0.5041111111111111,0.5041111111111111,0.03233562420292196,0.03233562420292196
across_training_seeds,C1,classification,,3,all,-36.0,0.47022222222222226,0.47022222222222226,0.03554704759319112,0.03554704759319112
across_training_seeds,C1,classification,,3,all,-35.0,0.4653333333333334,0.4653333333333334,0.03486322481418559,0.03486322481418559
across_training_seeds,C1,classification,,3,all,-34.0,0.4377777777777778,0.4377777777777778,0.03527720909427901,0.03527720909427901
across_training_seeds,C1,classification,,3,all,-33.0,0.4066666666666667,0.4066666666666667,0.03319303809201232,0.03319303809201232
across_training_seeds,C1,classification,,3,all,-32.0,0.3978888888888888,0.3978888888888888,0.032825013046173815,0.032825013046173815
across_training_seeds,C1,classification,,3,all,-31.0,0.3718888888888889,0.3718888888888889,0.030078292898761794,0.030078292898761794
across_training_seeds,C1,classification,,3,all,-30.0,0.3436666666666666,0.3436666666666666,0.031182259913824898,0.031182259913824898
across_training_seeds,C1,classification,,3,all,-29.0,0.31,0.31,0.02923658286766388,0.02923658286766388
across_training_seeds,C1,classification,,3,all,-28.0,0.2622222222222222,0.2622222222222222,0.031612819715589595,0.031612819715589595
across_training_seeds,C1,classification,,3,all,-27.0,0.23477777777777778,0.23477777777777778,0.026382513849840715,0.026382513849840715
across_training_seeds,C1,classification,,3,all,-26.0,0.20022222222222222,0.20022222222222222,0.025388828105932598,0.025388828105932598
across_training_seeds,C1,classification,,3,all,-25.0,0.16066666666666665,0.16066666666666665,0.021733231083604043,0.021733231083604043
across_training_seeds,C1,classification,,3,all,-24.0,0.12644444444444444,0.12644444444444444,0.016978199529374693,0.016978199529374693
across_training_seeds,C1,classification,,3,all,-23.0,0.09566666666666668,0.09566666666666668,0.014437605218471811,0.014437605218471811
across_training_seeds,C1,classification,,3,all,-22.0,0.063,0.063,0.012440971737681009,0.012440971737681009
across_training_seeds,C1,classification,,3,all,-21.0,0.044444444444444446,0.044444444444444446,0.00994615131223761,0.00994615131223761
across_training_seeds,C1,classification,,3,all,-20.0,0.02333333333333333,0.02333333333333333,0.007,0.007
across_training_seeds,C1,classification,,3,all,-19.0,0.012222222222222223,0.012222222222222223,0.004857220665420975,0.004857220665420975
across_training_seeds,C1,classification,,3,all,-18.0,0.004666666666666667,0.004666666666666667,0.0024037008503093264,0.0024037008503093264
across_training_seeds,C1,classification,,3,all,-17.0,0.0012222222222222222,0.0012222222222222222,0.0006938886664887109,0.0006938886664887109
across_training_seeds,C1,classification,,3,all,-16.0,0.0006666666666666666,0.0006666666666666666,0.0005773502691896257,0.0005773502691896257
across_training_seeds,C1,classification,,3,all,-15.0,0.0001111111111111111,0.0001111111111111111,0.00019245008972987527,0.00019245008972987527
across_training_seeds,C1,classification,,3,all,-14.0,0.0,0.0,0.0,0.0
across_training_seeds,C1,classification,,3,all,-13.0,0.0,0.0,0.0,0.0
across_training_seeds,C1,classification,,3,all,-12.0,0.0,0.0,0.0,0.0
across_training_seeds,C1,classification,,3,all,-11.0,0.0,0.0,0.0,0.0
across_training_seeds,C1,classification,,3,all,-10.0,0.0,0.0,0.0,0.0
across_training_seeds,C1,classification,,3,all,-9.0,0.0,0.0,0.0,0.0
across_training_seeds,C1,classification,,3,all,-8.0,0.0,0.0,0.0,0.0
across_training_seeds,C1,classification,,3,all,-7.0,0.0,0.0,0.0,0.0
across_training_seeds,C1,classification,,3,all,-6.0,0.0,0.0,0.0,0.0
across_training_seeds,C1,classification,,3,all,-5.0,0.0,0.0,0.0,0.0
across_training_seeds,C1,classification,,3,all,-4.0,0.0,0.0,0.0,0.0
across_training_seeds,C1,classification,,3,all,-3.0,0.0,0.0,0.0,0.0
across_training_seeds,C1,classification,,3,all,-2.0,0.0,0.0,0.0,0.0
across_training_seeds,C1,classification,,3,all,-1.0,0.0,0.0,0.0,0.0
across_training_seeds,C1,classification,,3,all,0.0,0.0,0.0,0.0,0.0
across_training_seeds,C1,classification,,3,pairwise_common_clean_correct,-40.0,0.9220020756943458,0.9220020756943458,0.005052563880030969,0.005052563880030969
across_training_seeds,C1,classification,,3,pairwise_common_clean_correct,-39.0,0.8784337939965727,0.8784337939965727,0.009315345516522659,0.009315345516522659
across_training_seeds,C1,classification,,3,pairwise_common_clean_correct,-38.0,0.8784337939965727,0.8784337939965727,0.009315345516522659,0.009315345516522659
across_training_seeds,C1,classification,,3,pairwise_common_clean_correct,-37.0,0.8739044356322271,0.8739044356322271,0.008352085648954271,0.008352085648954271
across_training_seeds,C1,classification,,3,pairwise_common_clean_correct,-36.0,0.8318390429339219,0.8318390429339219,0.010529540752145076,0.010529540752145076
across_training_seeds,C1,classification,,3,pairwise_common_clean_correct,-35.0,0.8249512962939135,0.8249512962939135,0.009164107687601043,0.009164107687601043
across_training_seeds,C1,classification,,3,pairwise_common_clean_correct,-34.0,0.7847354104285501,0.7847354104285501,0.008390789073599268,0.008390789073599268
across_training_seeds,C1,classification,,3,pairwise_common_clean_correct,-33.0,0.7410009403306653,0.7410009403306653,0.012800510391580942,0.012800510391580942
across_training_seeds,C1,classification,,3,pairwise_common_clean_correct,-32.0,0.7270318866270488,0.7270318866270488,0.01380563005779756,0.01380563005779756
across_training_seeds,C1,classification,,3,pairwise_common_clean_correct,-31.0,0.6895279913521476,0.6895279913521476,0.015373333056508365,0.015373333056508365
across_training_seeds,C1,classification,,3,pairwise_common_clean_correct,-30.0,0.6431147153972724,0.6431147153972724,0.021478553096156053,0.021478553096156053
across_training_seeds,C1,classification,,3,pairwise_common_clean_correct,-29.0,0.5880080438146189,0.5880080438146189,0.0222504936749961,0.0222504936749961
across_training_seeds,C1,classification,,3,pairwise_common_clean_correct,-28.0,0.5034324996292524,0.5034324996292524,0.0318857137901517,0.0318857137901517
across_training_seeds,C1,classification,,3,pairwise_common_clean_correct,-27.0,0.45590521602924294,0.45590521602924294,0.025429965572470684,0.025429965572470684
across_training_seeds,C1,classification,,3,pairwise_common_clean_correct,-26.0,0.39189943138745625,0.39189943138745625,0.0286809228779195,0.0286809228779195
across_training_seeds,C1,classification,,3,pairwise_common_clean_correct,-25.0,0.319280428773288,0.319280428773288,0.02692360165725042,0.02692360165725042
across_training_seeds,C1,classification,,3,pairwise_common_clean_correct,-24.0,0.25480464712091994,0.25480464712091994,0.02107734958576392,0.02107734958576392
across_training_seeds,C1,classification,,3,pairwise_common_clean_correct,-23.0,0.19500419716217202,0.19500419716217202,0.01941326732403931,0.01941326732403931
across_training_seeds,C1,classification,,3,pairwise_common_clean_correct,-22.0,0.12812807065307877,0.12812807065307877,0.018478274140594008,0.018478274140594008
across_training_seeds,C1,classification,,3,pairwise_common_clean_correct,-21.0,0.09089428788638139,0.09089428788638139,0.016092767258618183,0.016092767258618183
across_training_seeds,C1,classification,,3,pairwise_common_clean_correct,-20.0,0.04782227505910174,0.04782227505910174,0.012538245131837794,0.012538245131837794
across_training_seeds,C1,classification,,3,pairwise_common_clean_correct,-19.0,0.02494422100809644,0.02494422100809644,0.009446424265205285,0.009446424265205285
across_training_seeds,C1,classification,,3,pairwise_common_clean_correct,-18.0,0.009581099477606185,0.009581099477606185,0.004631851579103127,0.004631851579103127
across_training_seeds,C1,classification,,3,pairwise_common_clean_correct,-17.0,0.002540819121952802,0.002540819121952802,0.001347987698801006,0.001347987698801006
across_training_seeds,C1,classification,,3,pairwise_common_clean_correct,-16.0,0.0013732911391235612,0.0013732911391235612,0.0011352790841025304,0.0011352790841025304
across_training_seeds,C1,classification,,3,pairwise_common_clean_correct,-15.0,0.0002240143369175627,0.0002240143369175627,0.00038800421316507105,0.00038800421316507105
across_training_seeds,C1,classification,,3,pairwise_common_clean_correct,-14.0,0.0,0.0,0.0,0.0
across_training_seeds,C1,classification,,3,pairwise_common_clean_correct,-13.0,0.0,0.0,0.0,0.0
across_training_seeds,C1,classification,,3,pairwise_common_clean_correct,-12.0,0.0,0.0,0.0,0.0
across_training_seeds,C1,classification,,3,pairwise_common_clean_correct,-11.0,0.0,0.0,0.0,0.0
across_training_seeds,C1,classification,,3,pairwise_common_clean_correct,-10.0,0.0,0.0,0.0,0.0
across_training_seeds,C1,classification,,3,pairwise_common_clean_correct,-9.0,0.0,0.0,0.0,0.0
across_training_seeds,C1,classification,,3,pairwise_common_clean_correct,-8.0,0.0,0.0,0.0,0.0
across_training_seeds,C1,classification,,3,pairwise_common_clean_correct,-7.0,0.0,0.0,0.0,0.0
across_training_seeds,C1,classification,,3,pairwise_common_clean_correct,-6.0,0.0,0.0,0.0,0.0
across_training_seeds,C1,classification,,3,pairwise_common_clean_correct,-5.0,0.0,0.0,0.0,0.0
across_training_seeds,C1,classification,,3,pairwise_common_clean_correct,-4.0,0.0,0.0,0.0,0.0
across_training_seeds,C1,classification,,3,pairwise_common_clean_correct,-3.0,0.0,0.0,0.0,0.0
across_training_seeds,C1,classification,,3,pairwise_common_clean_correct,-2.0,0.0,0.0,0.0,0.0
across_training_seeds,C1,classification,,3,pairwise_common_clean_correct,-1.0,0.0,0.0,0.0,0.0
across_training_seeds,C1,classification,,3,pairwise_common_clean_correct,0.0,0.0,0.0,0.0,0.0
across_training_seeds,C1,classification,,3,four_cell_common_clean_correct,-40.0,0.9170305835546441,0.9170305835546441,0.013757916535486638,0.013757916535486638
across_training_seeds,C1,classification,,3,four_cell_common_clean_correct,-39.0,0.8681838626547638,0.8681838626547638,0.02678006266244946,0.02678006266244946
across_training_seeds,C1,classification,,3,four_cell_common_clean_correct,-38.0,0.8681838626547638,0.8681838626547638,0.02678006266244946,0.02678006266244946
across_training_seeds,C1,classification,,3,four_cell_common_clean_correct,-37.0,0.8656586101295113,0.8656586101295113,0.023142999743598007,0.023142999743598007
across_training_seeds,C1,classification,,3,four_cell_common_clean_correct,-36.0,0.8256210887673842,0.8256210887673842,0.04148923602945982,0.04148923602945982
across_training_seeds,C1,classification,,3,four_cell_common_clean_correct,-35.0,0.8207288236745227,0.8207288236745227,0.03731065751933858,0.03731065751933858
across_training_seeds,C1,classification,,3,four_cell_common_clean_correct,-34.0,0.7795184648985974,0.7795184648985974,0.04223893066181906,0.04223893066181906
across_training_seeds,C1,classification,,3,four_cell_common_clean_correct,-33.0,0.7302194779386978,0.7302194779386978,0.04153469586231013,0.04153469586231013
across_training_seeds,C1,classification,,3,four_cell_common_clean_correct,-32.0,0.7112305265868036,0.7112305265868036,0.04776079188593148,0.04776079188593148
across_training_seeds,C1,classification,,3,four_cell_common_clean_correct,-31.0,0.6757360578288294,0.6757360578288294,0.04493213158320764,0.04493213158320764
across_training_seeds,C1,classification,,3,four_cell_common_clean_correct,-30.0,0.6282877078453505,0.6282877078453505,0.053105782497622364,0.053105782497622364
across_training_seeds,C1,classification,,3,four_cell_common_clean_correct,-29.0,0.574992147487484,0.574992147487484,0.07509610476797628,0.07509610476797628
across_training_seeds,C1,classification,,3,four_cell_common_clean_correct,-28.0,0.49547578194425096,0.49547578194425096,0.08820960353075302,0.08820960353075302
across_training_seeds,C1,classification,,3,four_cell_common_clean_correct,-27.0,0.45465425239080554,0.45465425239080554,0.0826276245010438,0.0826276245010438
across_training_seeds,C1,classification,,3,four_cell_common_clean_correct,-26.0,0.4036596036598737,0.4036596036598737,0.0856297116098612,0.0856297116098612
across_training_seeds,C1,classification,,3,four_cell_common_clean_correct,-25.0,0.3177190357551795,0.3177190357551795,0.10186880081773736,0.10186880081773736
across_training_seeds,C1,classification,,3,four_cell_common_clean_correct,-24.0,0.25151310974725566,0.25151310974725566,0.09533545072384703,0.09533545072384703
across_training_seeds,C1,classification,,3,four_cell_common_clean_correct,-23.0,0.1975691770132401,0.1975691770132401,0.07877900253396693,0.07877900253396693
across_training_seeds,C1,classification,,3,four_cell_common_clean_correct,-22.0,0.12011566302848553,0.12011566302848553,0.0732855065707522,0.0732855065707522
across_training_seeds,C1,classification,,3,four_cell_common_clean_correct,-21.0,0.08533276952606066,0.08533276952606066,0.05814468971231813,0.05814468971231813
across_training_seeds,C1,classification,,3,four_cell_common_clean_correct,-20.0,0.04289216453484018,0.04289216453484018,0.018330380354443034,0.018330380354443034
across_training_seeds,C1,classification,,3,four_cell_common_clean_correct,-19.0,0.019883579228426235,0.019883579228426235,0.012842498658000263,0.012842498658000263
across_training_seeds,C1,classification,,3,four_cell_common_clean_correct,-18.0,0.007053330073621894,0.007053330073621894,0.006152152244957213,0.006152152244957213
across_training_seeds,C1,classification,,3,four_cell_common_clean_correct,-17.0,0.0036537541012303873,0.0036537541012303873,0.00376712270829366,0.00376712270829366
across_training_seeds,C1,classification,,3,four_cell_common_clean_correct,-16.0,0.0036537541012303873,0.0036537541012303873,0.00376712270829366,0.00376712270829366
across_training_seeds,C1,classification,,3,four_cell_common_clean_correct,-15.0,0.0011695906432748538,0.0011695906432748538,0.0020257904182092133,0.0020257904182092133
across_training_seeds,C1,classification,,3,four_cell_common_clean_correct,-14.0,0.0,0.0,0.0,0.0
across_training_seeds,C1,classification,,3,four_cell_common_clean_correct,-13.0,0.0,0.0,0.0,0.0
across_training_seeds,C1,classification,,3,four_cell_common_clean_correct,-12.0,0.0,0.0,0.0,0.0
across_training_seeds,C1,classification,,3,four_cell_common_clean_correct,-11.0,0.0,0.0,0.0,0.0
across_training_seeds,C1,classification,,3,four_cell_common_clean_correct,-10.0,0.0,0.0,0.0,0.0
across_training_seeds,C1,classification,,3,four_cell_common_clean_correct,-9.0,0.0,0.0,0.0,0.0
across_training_seeds,C1,classification,,3,four_cell_common_clean_correct,-8.0,0.0,0.0,0.0,0.0
across_training_seeds,C1,classification,,3,four_cell_common_clean_correct,-7.0,0.0,0.0,0.0,0.0
across_training_seeds,C1,classification,,3,four_cell_common_clean_correct,-6.0,0.0,0.0,0.0,0.0
across_training_seeds,C1,classification,,3,four_cell_common_clean_correct,-5.0,0.0,0.0,0.0,0.0
across_training_seeds,C1,classification,,3,four_cell_common_clean_correct,-4.0,0.0,0.0,0.0,0.0
across_training_seeds,C1,classification,,3,four_cell_common_clean_correct,-3.0,0.0,0.0,0.0,0.0
across_training_seeds,C1,classification,,3,four_cell_common_clean_correct,-2.0,0.0,0.0,0.0,0.0
across_training_seeds,C1,classification,,3,four_cell_common_clean_correct,-1.0,0.0,0.0,0.0,0.0
across_training_seeds,C1,classification,,3,four_cell_common_clean_correct,0.0,0.0,0.0,0.0,0.0
